site,scenario,beta_deg,d_row_m,H_m_m,V_dig_m3,HRT_days,f_PV_heat,GCR_pct,OLR_kgVS_m3d,PV_total_MWh_ha,PV_sold_MWh_ha,PV_self_MWh_ha,biogas_total_MWh_ha,heat_demand_MWh_ha,biogas_for_heat_MWh_ha,ESR,BMP_avg_NmL_gVS,LER_crop,LER_PV_defA,LER_PV_defB,LER_biogas,eLER_defA,eLER_defB,LER_2C,W_saved_mm_season,ET0_season_mm,ET0_annual_mm,LER_water_season_pct,LER_water_annual_pct,CAPEX_PV_kUSD,CAPEX_AD_kUSD,CAPEX_agri_kUSD,CAPEX_BOP_kUSD,CAPEX_total_kUSD,gross_revenue_kUSD_yr,opex_kUSD_yr,net_CF_kUSD_yr,NPV_kUSD,IRR_pct,payback_yr,LCOE_PV_USD_kWh,cost_biogas_USD_MWh,CO2_avoided_PV_tCO2_ha,CO2_avoided_biogas_tCO2_ha,CO2_avoided_total_tCO2_ha,carbon_value_USD_ha,V1_MAPE_pct,V2_MAPE_pct
Konya,S0,20.7100,3.0300,1.5010,4.3200,22.5000,0.0513,70.3200,1.5690,1295.2000,1228.7000,66.5000,3.6600,2.2600,0.0000,574.2000,148.8000,0.3560,0.6740,0.7030,0.6110,1.6410,1.6700,1.0300,159.1000,845.6000,1134.2000,18.8200,14.0300,491.6800,3.4500,2.5000,74.2700,571.9100,80.4300,8.5800,71.8500,133.5000,11.0100,8.0000,0.0468,0.1100,538.2000,0.7400,538.9000,8083.9000,2.4000,39.0000
Konya,S1,20.7100,3.0300,1.5010,4.3200,22.5000,0.0513,70.3200,1.5690,1295.2000,1228.7000,66.5000,3.6600,2.2600,0.0000,574.2000,148.8000,0.3560,0.6740,0.7030,0.6110,1.6410,1.6700,1.0300,159.1000,845.6000,1134.2000,18.8200,14.0300,491.6800,3.4500,2.5000,74.2700,571.9100,80.4700,8.5800,71.8900,133.9000,11.0200,8.0000,0.0468,0.1100,538.2000,0.7400,538.9000,8083.9000,2.4000,39.0000
Konya,S2,20.7100,3.0300,1.5010,4.3200,22.5000,0.0513,70.3200,1.5690,1295.2000,1228.7000,66.5000,3.6600,2.2600,0.0000,574.2000,148.8000,0.3560,0.6740,0.7030,0.6110,1.6410,1.6700,1.0300,159.1000,845.6000,1134.2000,18.8200,14.0300,491.6800,3.4500,2.5000,74.2700,571.9100,80.3800,8.5800,71.8000,133.1000,11.0000,8.0000,0.0468,0.1100,538.2000,0.7400,538.9000,8083.9000,2.4000,39.0000
Konya,S3,20.7100,3.0300,1.5010,4.3200,22.5000,0.0513,70.3200,1.5690,1295.2000,1228.7000,66.5000,3.6600,2.2600,0.0000,574.2000,148.8000,0.3560,0.6740,0.7030,0.6110,1.6410,1.6700,1.0300,159.1000,845.6000,1134.2000,18.8200,14.0300,491.6800,3.4500,2.5000,74.2700,571.9100,80.7900,8.5800,72.2100,137.1000,11.0800,7.9000,0.0468,0.1100,538.2000,0.7400,538.9000,8083.9000,2.4000,39.0000
Konya,S4,20.7100,3.0300,1.5010,4.3200,22.5000,0.0513,70.3200,1.5690,1295.2000,1228.7000,66.5000,3.6600,2.2600,0.0000,574.2000,148.8000,0.3560,0.6740,0.7030,0.6110,1.6410,1.6700,1.0300,159.1000,845.6000,1134.2000,18.8200,14.0300,491.6800,3.4500,2.5000,74.2700,571.9100,80.4900,8.5800,71.9100,134.1000,11.0200,8.0000,0.0468,0.1100,538.2000,0.7400,538.9000,8083.9000,2.4000,39.0000
Konya,S5,20.7100,3.0300,1.5010,4.3200,22.5000,0.0513,70.3200,1.5690,1295.2000,1228.7000,66.5000,3.6600,2.2600,0.0000,574.2000,148.8000,0.3560,0.6740,0.7030,0.6110,1.6410,1.6700,1.0300,159.1000,845.6000,1134.2000,18.8200,14.0300,491.6800,3.4500,2.5000,74.2700,571.9100,81.3400,8.5800,72.7600,142.5000,11.2000,7.9000,0.0468,0.1100,538.2000,0.7400,538.9000,8083.9000,2.4000,39.0000
Konya,S6,20.7100,3.0300,1.5010,4.3200,22.5000,0.0513,70.3200,1.5690,1295.2000,1228.7000,66.5000,3.6600,2.2600,0.0000,574.2000,148.8000,0.3560,0.6740,0.7030,0.6110,1.6410,1.6700,1.0300,159.1000,845.6000,1134.2000,18.8200,14.0300,491.6800,3.4500,2.5000,74.2700,571.9100,88.5100,8.5800,79.9300,212.9000,12.7000,7.2000,0.0468,0.1100,538.2000,0.7400,538.9000,8083.9000,2.4000,39.0000
Almeria,S0,20.5100,3.0300,1.5060,3.5500,22.5000,0.0500,70.4100,1.9250,1386.0000,1316.7000,69.4000,3.8300,1.5600,0.0000,889.5000,154.3000,0.3660,0.6750,0.7040,0.6160,1.6570,1.6860,1.0400,87.6000,466.1000,1151.3000,18.8000,7.6100,491.6800,2.8400,2.5000,74.1800,571.2000,127.6300,8.5700,119.0600,794.4000,20.3300,4.8000,0.0382,0.0800,219.9000,0.7700,220.7000,14342.6000,2.4000,39.0000
Almeria,S1,20.5100,3.0300,1.5060,3.5500,22.5000,0.0500,70.4100,1.9250,1386.0000,1316.7000,69.4000,3.8300,1.5600,0.0000,889.5000,154.3000,0.3660,0.6750,0.7040,0.6160,1.6570,1.6860,1.0400,87.6000,466.1000,1151.3000,18.8000,7.6100,491.6800,2.8400,2.5000,74.1800,571.2000,127.6800,8.5700,119.1100,795.0000,20.3400,4.8000,0.0382,0.0800,219.9000,0.7700,220.7000,14342.6000,2.4000,39.0000
Almeria,S2,20.5100,3.0300,1.5060,3.5500,22.5000,0.0500,70.4100,1.9250,1386.0000,1316.7000,69.4000,3.8300,1.5600,0.0000,889.5000,154.3000,0.3660,0.6750,0.7040,0.6160,1.6570,1.6860,1.0400,87.6000,466.1000,1151.3000,18.8000,7.6100,491.6800,2.8400,2.5000,74.1800,571.2000,127.5800,8.5700,119.0100,793.8000,20.3200,4.8000,0.0382,0.0800,219.9000,0.7700,220.7000,14342.6000,2.4000,39.0000
Almeria,S3,20.5100,3.0300,1.5060,3.5500,22.5000,0.0500,70.4100,1.9250,1386.0000,1316.7000,69.4000,3.8300,1.5600,0.0000,889.5000,154.3000,0.3660,0.6750,0.7040,0.6160,1.6570,1.6860,1.0400,87.6000,466.1000,1151.3000,18.8000,7.6100,491.6800,2.8400,2.5000,74.1800,571.2000,127.9700,8.5700,119.4000,798.4000,20.3900,4.8000,0.0382,0.0800,219.9000,0.7700,220.7000,14342.6000,2.4000,39.0000
Almeria,S4,20.5100,3.0300,1.5060,3.5500,22.5000,0.0500,70.4100,1.9250,1386.0000,1316.7000,69.4000,3.8300,1.5600,0.0000,889.5000,154.3000,0.3660,0.6750,0.7040,0.6160,1.6570,1.6860,1.0400,87.6000,466.1000,1151.3000,18.8000,7.6100,491.6800,2.8400,2.5000,74.1800,571.2000,127.6900,8.5700,119.1200,795.1000,20.3400,4.8000,0.0382,0.0800,219.9000,0.7700,220.7000,14342.6000,2.4000,39.0000
Almeria,S5,20.5100,3.0300,1.5060,3.5500,22.5000,0.0500,70.4100,1.9250,1386.0000,1316.7000,69.4000,3.8300,1.5600,0.0000,889.5000,154.3000,0.3660,0.6750,0.7040,0.6160,1.6570,1.6860,1.0400,87.6000,466.1000,1151.3000,18.8000,7.6100,491.6800,2.8400,2.5000,74.1800,571.2000,129.1800,8.5700,120.6100,812.2000,20.6200,4.7000,0.0382,0.0800,219.9000,0.7700,220.7000,14342.6000,2.4000,39.0000
Almeria,S6,20.5100,3.0300,1.5060,3.5500,22.5000,0.0500,70.4100,1.9250,1386.0000,1316.7000,69.4000,3.8300,1.5600,0.0000,889.5000,154.3000,0.3660,0.6750,0.7040,0.6160,1.6570,1.6860,1.0400,87.6000,466.1000,1151.3000,18.8000,7.6100,491.6800,2.8400,2.5000,74.1800,571.2000,141.9700,8.5700,133.4000,958.9000,22.9800,4.3000,0.0382,0.0800,219.9000,0.7700,220.7000,14342.6000,2.4000,39.0000
Ouagadougou,S0,16.3700,3.0260,1.5010,2.6400,31.8000,0.0502,72.2300,2.6720,1432.7000,1360.8000,71.9000,5.9800,0.7200,0.0000,2000.1000,234.0000,0.3970,0.6910,0.7220,0.6350,1.7230,1.7540,1.0880,81.2000,520.3000,1839.2000,15.6200,4.4200,491.6800,2.1100,2.5000,74.0700,570.3600,169.7300,8.5600,161.1800,801.8000,28.0600,3.5000,0.0479,0.0500,860.0000,1.2100,861.2000,10334.9000,2.4000,39.0000
Ouagadougou,S1,16.3700,3.0260,1.5010,2.6400,31.8000,0.0502,72.2300,2.6720,1432.7000,1360.8000,71.9000,5.9800,0.7200,0.0000,2000.1000,234.0000,0.3970,0.6910,0.7220,0.6350,1.7230,1.7540,1.0880,81.2000,520.3000,1839.2000,15.6200,4.4200,491.6800,2.1100,2.5000,74.0700,570.3600,169.8000,8.5600,161.2500,802.4000,28.0700,3.5000,0.0479,0.0500,860.0000,1.2100,861.2000,10334.9000,2.4000,39.0000
Ouagadougou,S2,16.3700,3.0260,1.5010,2.6400,31.8000,0.0502,72.2300,2.6720,1432.7000,1360.8000,71.9000,5.9800,0.7200,0.0000,2000.1000,234.0000,0.3970,0.6910,0.7220,0.6350,1.7230,1.7540,1.0880,81.2000,520.3000,1839.2000,15.6200,4.4200,491.6800,2.1100,2.5000,74.0700,570.3600,169.6600,8.5600,161.1000,801.2000,28.0400,3.5000,0.0479,0.0500,860.0000,1.2100,861.2000,10334.9000,2.4000,39.0000
Ouagadougou,S3,16.3700,3.0260,1.5010,2.6400,31.8000,0.0502,72.2300,2.6720,1432.7000,1360.8000,71.9000,5.9800,0.7200,0.0000,2000.1000,234.0000,0.3970,0.6910,0.7220,0.6350,1.7230,1.7540,1.0880,81.2000,520.3000,1839.2000,15.6200,4.4200,491.6800,2.1100,2.5000,74.0700,570.3600,170.3300,8.5600,161.7700,806.9000,28.1700,3.5000,0.0479,0.0500,860.0000,1.2100,861.2000,10334.9000,2.4000,39.0000
Ouagadougou,S4,16.3700,3.0260,1.5010,2.6400,31.8000,0.0502,72.2300,2.6720,1432.7000,1360.8000,71.9000,5.9800,0.7200,0.0000,2000.1000,234.0000,0.3970,0.6910,0.7220,0.6350,1.7230,1.7540,1.0880,81.2000,520.3000,1839.2000,15.6200,4.4200,491.6800,2.1100,2.5000,74.0700,570.3600,169.8000,8.5600,161.2400,802.4000,28.0700,3.5000,0.0479,0.0500,860.0000,1.2100,861.2000,10334.9000,2.4000,39.0000
Ouagadougou,S5,16.3700,3.0260,1.5010,2.6400,31.8000,0.0502,72.2300,2.6720,1432.7000,1360.8000,71.9000,5.9800,0.7200,0.0000,2000.1000,234.0000,0.3970,0.6910,0.7220,0.6350,1.7230,1.7540,1.0880,81.2000,520.3000,1839.2000,15.6200,4.4200,491.6800,2.1100,2.5000,74.0700,570.3600,173.2000,8.5600,164.6500,831.4000,28.6800,3.5000,0.0479,0.0500,860.0000,1.2100,861.2000,10334.9000,2.4000,39.0000
Ouagadougou,S6,16.3700,3.0260,1.5010,2.6400,31.8000,0.0502,72.2300,2.6720,1432.7000,1360.8000,71.9000,5.9800,0.7200,0.0000,2000.1000,234.0000,0.3970,0.6910,0.7220,0.6350,1.7230,1.7540,1.0880,81.2000,520.3000,1839.2000,15.6200,4.4200,491.6800,2.1100,2.5000,74.0700,570.3600,180.0700,8.5600,171.5100,889.8000,29.9100,3.3000,0.0479,0.0500,860.0000,1.2100,861.2000,10334.9000,2.4000,39.0000
Freiburg,S0,23.0800,3.0300,1.5040,3.5700,33.5000,0.0511,69.1600,1.5820,1002.4000,951.2000,51.2000,2.8800,2.2200,0.0000,452.5000,140.4000,0.3760,0.6590,0.6920,0.7290,1.7640,1.7970,1.0340,114.0000,508.8000,685.2000,22.4000,16.6400,491.6800,2.8500,2.5000,74.1800,571.2200,89.8100,8.5700,81.2500,441.3000,12.9900,7.0000,0.0492,0.0900,361.5000,0.5800,362.0000,23532.2000,2.4000,39.0000
Freiburg,S1,23.0800,3.0300,1.5040,3.5700,33.5000,0.0511,69.1600,1.5820,1002.4000,951.2000,51.2000,2.8800,2.2200,0.0000,452.5000,140.4000,0.3760,0.6590,0.6920,0.7290,1.7640,1.7970,1.0340,114.0000,508.8000,685.2000,22.4000,16.6400,491.6800,2.8500,2.5000,74.1800,571.2200,89.8500,8.5700,81.2800,441.8000,12.9900,7.0000,0.0492,0.0900,361.5000,0.5800,362.0000,23532.2000,2.4000,39.0000
Freiburg,S2,23.0800,3.0300,1.5040,3.5700,33.5000,0.0511,69.1600,1.5820,1002.4000,951.2000,51.2000,2.8800,2.2200,0.0000,452.5000,140.4000,0.3760,0.6590,0.6920,0.7290,1.7640,1.7970,1.0340,114.0000,508.8000,685.2000,22.4000,16.6400,491.6800,2.8500,2.5000,74.1800,571.2200,89.7800,8.5700,81.2100,440.8000,12.9800,7.0000,0.0492,0.0900,361.5000,0.5800,362.0000,23532.2000,2.4000,39.0000
Freiburg,S3,23.0800,3.0300,1.5040,3.5700,33.5000,0.0511,69.1600,1.5820,1002.4000,951.2000,51.2000,2.8800,2.2200,0.0000,452.5000,140.4000,0.3760,0.6590,0.6920,0.7290,1.7640,1.7970,1.0340,114.0000,508.8000,685.2000,22.4000,16.6400,491.6800,2.8500,2.5000,74.1800,571.2200,90.0700,8.5700,81.5000,444.5000,13.0400,7.0000,0.0492,0.0900,361.5000,0.5800,362.0000,23532.2000,2.4000,39.0000
Freiburg,S4,23.0800,3.0300,1.5040,3.5700,33.5000,0.0511,69.1600,1.5820,1002.4000,951.2000,51.2000,2.8800,2.2200,0.0000,452.5000,140.4000,0.3760,0.6590,0.6920,0.7290,1.7640,1.7970,1.0340,114.0000,508.8000,685.2000,22.4000,16.6400,491.6800,2.8500,2.5000,74.1800,571.2200,89.8500,8.5700,81.2800,441.7000,12.9900,7.0000,0.0492,0.0900,361.5000,0.5800,362.0000,23532.2000,2.4000,39.0000
Freiburg,S5,23.0800,3.0300,1.5040,3.5700,33.5000,0.0511,69.1600,1.5820,1002.4000,951.2000,51.2000,2.8800,2.2200,0.0000,452.5000,140.4000,0.3760,0.6590,0.6920,0.7290,1.7640,1.7970,1.0340,114.0000,508.8000,685.2000,22.4000,16.6400,491.6800,2.8500,2.5000,74.1800,571.2200,90.9800,8.5700,82.4100,455.8000,13.2200,6.9000,0.0492,0.0900,361.5000,0.5800,362.0000,23532.2000,2.4000,39.0000
Freiburg,S6,23.0800,3.0300,1.5040,3.5700,33.5000,0.0511,69.1600,1.5820,1002.4000,951.2000,51.2000,2.8800,2.2200,0.0000,452.5000,140.4000,0.3760,0.6590,0.6920,0.7290,1.7640,1.7970,1.0340,114.0000,508.8000,685.2000,22.4000,16.6400,491.6800,2.8500,2.5000,74.1800,571.2200,113.3500,8.5700,104.7800,734.5000,17.6300,5.5000,0.0492,0.0900,361.5000,0.5800,362.0000,23532.2000,2.4000,39.0000
