time_UTC,T2m,RH,GHI,DNI,DHI,IR,WS,WD,SP,in_season,month,hour_of_day,day_of_year
2005-04-01 00:00:00,6.55,89.32,0.0,-0.0,0.0,302.89,2.1,320.0,87769.0,False,4,0,91
2005-04-01 01:00:00,6.06,91.19,0.0,-0.0,0.0,303.19,2.22,298.0,87796.0,False,4,1,91
2005-04-01 02:00:00,5.57,93.06,0.0,-0.0,0.0,303.5,2.34,303.0,87796.0,False,4,2,91
2005-04-01 03:00:00,5.08,94.93,0.0,-0.0,0.0,303.8,2.46,322.0,87831.0,False,4,3,91
2005-04-01 04:00:00,4.59,96.8,0.0,0.0,0.0,304.1,2.59,336.0,87935.0,False,4,4,91
2005-04-01 05:00:00,4.1,98.67,135.0,102.21,104.0,304.41,2.71,341.0,88075.0,False,4,5,91
2005-04-01 06:00:00,3.61,100.0,89.0,0.0,89.0,304.71,2.83,346.0,88198.0,False,4,6,91
2005-04-01 07:00:00,3.12,100.0,151.0,0.0,151.0,305.02,2.95,349.0,88285.0,False,4,7,91
2005-04-01 08:00:00,5.4,74.4,149.0,0.0,149.0,317.4,4.55,349.0,88285.0,False,4,8,91
2005-04-01 09:00:00,7.07,64.95,202.0,0.0,202.0,318.0,4.34,352.0,88233.0,False,4,9,91
2005-04-01 10:00:00,8.42,59.9,211.0,0.0,211.0,307.0,4.21,357.0,88276.0,False,4,10,91
2005-04-01 11:00:00,8.73,58.3,274.0,1.26,273.0,310.4,4.07,7.0,88250.0,False,4,11,91
2005-04-01 12:00:00,8.9,57.1,117.0,0.0,117.0,326.8,4.48,15.0,88215.0,False,4,12,91
2005-04-01 13:00:00,8.47,57.05,110.0,0.0,110.0,316.8,4.97,16.0,88189.0,False,4,13,91
2005-04-01 14:00:00,7.76,57.8,81.0,0.0,81.0,310.8,5.31,20.0,88215.0,False,4,14,91
2005-04-01 15:00:00,6.59,59.4,60.0,0.0,60.0,306.0,5.59,26.0,88250.0,False,4,15,91
2005-04-01 16:00:00,5.08,62.5,0.0,-0.0,0.0,308.0,5.38,27.0,88346.0,False,4,16,91
2005-04-01 17:00:00,3.76,66.1,0.0,-0.0,0.0,305.8,5.38,23.0,88451.0,False,4,17,91
2005-04-01 18:00:00,2.63,70.3,0.0,-0.0,0.0,295.0,5.31,18.0,88539.0,False,4,18,91
2005-04-01 19:00:00,1.71,76.2,0.0,-0.0,0.0,296.8,5.1,15.0,88609.0,False,4,19,91
2005-04-01 20:00:00,0.96,79.0,0.0,-0.0,0.0,294.2,4.97,10.0,88644.0,False,4,20,91
2005-04-01 21:00:00,0.34,80.15,0.0,-0.0,0.0,297.6,5.03,4.0,88661.0,False,4,21,91
2005-04-01 22:00:00,-0.22,80.5,0.0,-0.0,0.0,302.4,5.1,358.0,88679.0,False,4,22,91
2005-04-01 23:00:00,-0.8,80.7,0.0,-0.0,0.0,301.0,4.97,354.0,88696.0,False,4,23,91
2005-04-02 00:00:00,-1.35,80.65,0.0,-0.0,0.0,300.4,4.83,354.0,88722.0,False,4,0,92
2005-04-02 01:00:00,-1.92,80.25,0.0,-0.0,0.0,297.4,4.83,354.0,88722.0,False,4,1,92
2005-04-02 02:00:00,-2.34,80.05,0.0,-0.0,0.0,295.4,4.62,354.0,88766.0,False,4,2,92
2005-04-02 03:00:00,-2.67,79.9,0.0,-0.0,0.0,293.4,4.48,353.0,88792.0,False,4,3,92
2005-04-02 04:00:00,-2.89,79.2,0.0,0.0,0.0,291.2,4.34,352.0,88845.0,False,4,4,92
2005-04-02 05:00:00,-2.85,77.45,30.0,0.0,30.0,287.4,4.28,354.0,88889.0,False,4,5,92
2005-04-02 06:00:00,-2.58,75.5,45.0,0.0,45.0,289.4,4.14,356.0,88906.0,False,4,6,92
2005-04-02 07:00:00,-1.57,70.55,204.0,1.55,203.0,289.4,4.48,360.0,88932.0,False,4,7,92
2005-04-02 08:00:00,-0.64,65.9,473.0,131.87,373.0,292.4,4.41,6.0,88950.0,False,4,8,92
2005-04-02 09:00:00,0.12,62.7,650.0,307.26,397.0,293.2,4.14,6.0,88932.0,False,4,9,92
2005-04-02 10:00:00,0.85,60.15,693.0,344.5,405.0,297.6,4.0,7.0,88950.0,False,4,10,92
2005-04-02 11:00:00,1.42,58.25,341.0,10.06,333.0,292.2,4.21,6.0,88915.0,False,4,11,92
2005-04-02 12:00:00,1.63,57.8,450.0,105.14,376.0,294.2,4.34,6.0,88906.0,False,4,12,92
2005-04-02 13:00:00,1.81,57.7,252.0,12.32,245.0,295.0,4.48,8.0,88906.0,False,4,13,92
2005-04-02 14:00:00,1.79,57.75,109.0,0.0,109.0,291.6,4.69,9.0,88889.0,False,4,14,92
2005-04-02 15:00:00,1.31,59.9,20.0,0.0,20.0,289.8,4.62,11.0,88915.0,False,4,15,92
2005-04-02 16:00:00,0.72,64.2,0.0,-0.0,0.0,284.2,4.21,14.0,88958.0,False,4,16,92
2005-04-02 17:00:00,0.22,69.8,0.0,-0.0,0.0,287.8,3.66,17.0,89046.0,False,4,17,92
2005-04-02 18:00:00,-0.07,73.25,0.0,-0.0,0.0,286.4,3.52,19.0,89081.0,False,4,18,92
2005-04-02 19:00:00,-1.19,73.3,0.0,-0.0,0.0,276.4,3.03,19.0,89125.0,False,4,19,92
2005-04-02 20:00:00,-1.72,76.6,0.0,-0.0,0.0,259.0,2.48,6.0,89107.0,False,4,20,92
2005-04-02 21:00:00,-2.19,78.5,0.0,-0.0,0.0,258.0,2.62,356.0,89116.0,False,4,21,92
2005-04-02 22:00:00,-3.0,81.6,0.0,-0.0,0.0,242.8,2.62,352.0,89098.0,False,4,22,92
2005-04-02 23:00:00,-3.13,83.15,0.0,-0.0,0.0,258.6,2.83,352.0,89090.0,False,4,23,92
2005-04-03 00:00:00,-3.17,85.05,0.0,-0.0,0.0,259.2,3.1,351.0,89063.0,False,4,0,93
2005-04-03 01:00:00,-2.73,86.65,0.0,-0.0,0.0,267.0,3.24,350.0,89090.0,False,4,1,93
2005-04-03 02:00:00,-2.09,84.7,0.0,-0.0,0.0,283.8,4.21,357.0,89090.0,False,4,2,93
2005-04-03 03:00:00,-2.03,86.2,0.0,-0.0,0.0,290.2,4.34,357.0,89125.0,False,4,3,93
2005-04-03 04:00:00,-1.94,86.65,5.0,0.0,5.0,291.4,3.93,352.0,89160.0,False,4,4,93
2005-04-03 05:00:00,-1.79,85.4,21.0,0.0,21.0,286.6,4.21,352.0,89203.0,False,4,5,93
2005-04-03 06:00:00,-1.36,80.6,244.0,74.53,207.0,290.0,5.45,0.0,89238.0,False,4,6,93
2005-04-03 07:00:00,-0.15,73.4,325.0,56.95,288.0,297.0,5.86,7.0,89247.0,False,4,7,93
2005-04-03 08:00:00,1.06,66.45,328.0,18.36,314.0,295.6,5.79,14.0,89247.0,False,4,8,93
2005-04-03 09:00:00,2.06,60.95,408.0,33.85,380.0,295.4,5.66,16.0,89230.0,False,4,9,93
2005-04-03 10:00:00,2.6,58.1,168.0,0.0,168.0,293.4,5.52,14.0,89317.0,False,4,10,93
2005-04-03 11:00:00,3.15,55.35,406.0,33.81,379.0,293.0,5.59,10.0,89265.0,False,4,11,93
2005-04-03 12:00:00,3.57,52.65,476.0,134.38,381.0,280.8,5.59,6.0,89247.0,False,4,12,93
2005-04-03 13:00:00,3.62,51.8,358.0,92.8,305.0,287.0,5.72,358.0,89230.0,False,4,13,93
2005-04-03 14:00:00,4.11,47.85,192.0,19.99,184.0,273.2,5.45,350.0,89256.0,False,4,14,93
2005-04-03 15:00:00,3.51,49.1,109.0,33.98,102.0,272.6,4.97,345.0,89317.0,False,4,15,93
2005-04-03 16:00:00,2.73,51.5,19.0,0.0,19.0,266.0,4.41,343.0,89378.0,False,4,16,93
2005-04-03 17:00:00,1.22,56.1,0.0,-0.0,0.0,232.8,3.93,340.0,89439.0,False,4,17,93
2005-04-03 18:00:00,0.21,58.6,0.0,-0.0,0.0,230.2,3.93,336.0,89544.0,False,4,18,93
2005-04-03 19:00:00,-0.68,60.8,0.0,-0.0,0.0,238.6,3.45,332.0,89606.0,False,4,19,93
2005-04-03 20:00:00,-1.4,62.05,0.0,-0.0,0.0,236.2,3.79,330.0,89658.0,False,4,20,93
2005-04-03 21:00:00,-1.93,64.1,0.0,-0.0,0.0,238.6,4.07,330.0,89737.0,False,4,21,93
2005-04-03 22:00:00,-2.56,67.55,0.0,-0.0,0.0,234.2,4.0,331.0,89815.0,False,4,22,93
2005-04-03 23:00:00,-3.16,70.65,0.0,-0.0,0.0,232.6,3.72,332.0,89815.0,False,4,23,93
2005-04-04 00:00:00,-4.05,73.95,0.0,-0.0,0.0,222.4,3.38,332.0,89842.0,False,4,0,94
2005-04-04 01:00:00,-4.86,76.5,0.0,-0.0,0.0,221.4,3.24,334.0,89850.0,False,4,1,94
2005-04-04 02:00:00,-5.63,78.65,0.0,-0.0,0.0,218.4,3.1,336.0,89894.0,False,4,2,94
2005-04-04 03:00:00,-6.1,80.35,0.0,-0.0,0.0,214.8,3.03,334.0,89938.0,False,4,3,94
2005-04-04 04:00:00,-6.06,80.4,23.0,84.92,13.0,224.4,2.9,333.0,90043.0,False,4,4,94
2005-04-04 05:00:00,-4.9,74.95,205.0,374.0,86.0,233.6,3.59,337.0,90078.0,False,4,5,94
2005-04-04 06:00:00,-2.67,67.3,413.0,556.77,134.0,226.6,3.72,345.0,90104.0,False,4,6,94
2005-04-04 07:00:00,-0.02,59.25,609.0,692.62,156.0,232.8,3.79,357.0,90095.0,False,4,7,94
2005-04-04 08:00:00,1.84,53.85,749.0,723.99,194.0,246.0,3.66,13.0,90043.0,False,4,8,94
2005-04-04 09:00:00,3.4,46.9,842.0,754.46,215.0,268.8,3.45,20.0,89981.0,False,4,9,94
2005-04-04 10:00:00,4.62,43.8,835.0,657.13,281.0,281.8,3.38,26.0,89947.0,False,4,10,94
2005-04-04 11:00:00,5.5,41.15,514.0,111.0,425.0,278.6,3.52,30.0,89920.0,False,4,11,94
2005-04-04 12:00:00,5.73,41.35,582.0,301.39,368.0,291.0,3.59,32.0,89859.0,False,4,12,94
2005-04-04 13:00:00,5.81,41.8,101.0,0.0,101.0,283.0,3.52,33.0,89833.0,False,4,13,94
2005-04-04 14:00:00,5.6,42.15,177.0,12.4,172.0,297.0,3.45,32.0,89850.0,False,4,14,94
2005-04-04 15:00:00,5.05,44.8,55.0,0.0,55.0,300.4,3.52,34.0,89912.0,False,4,15,94
2005-04-04 16:00:00,4.44,47.85,18.0,0.0,18.0,292.0,3.1,38.0,89955.0,False,4,16,94
2005-04-04 17:00:00,3.8,51.95,0.0,-0.0,0.0,284.2,2.48,37.0,90016.0,False,4,17,94
2005-04-04 18:00:00,2.92,57.7,0.0,-0.0,0.0,263.4,1.93,28.0,90069.0,False,4,18,94
2005-04-04 19:00:00,1.41,66.5,0.0,-0.0,0.0,255.8,1.24,9.0,90113.0,False,4,19,94
2005-04-04 20:00:00,0.53,68.35,0.0,-0.0,0.0,237.6,1.24,336.0,90113.0,False,4,20,94
2005-04-04 21:00:00,-0.1,68.65,0.0,-0.0,0.0,230.0,1.31,317.0,90121.0,False,4,21,94
2005-04-04 22:00:00,-0.65,69.4,0.0,-0.0,0.0,223.6,1.38,311.0,90130.0,False,4,22,94
2005-04-04 23:00:00,-1.12,70.15,0.0,-0.0,0.0,216.8,1.45,317.0,90148.0,False,4,23,94
2005-04-05 00:00:00,-1.81,73.15,0.0,-0.0,0.0,215.4,1.59,330.0,90113.0,False,4,0,95
2005-04-05 01:00:00,-2.48,76.6,0.0,-0.0,0.0,214.0,1.72,340.0,90113.0,False,4,1,95
2005-04-05 02:00:00,-2.96,79.45,0.0,-0.0,0.0,213.8,1.72,341.0,90095.0,False,4,2,95
2005-04-05 03:00:00,-3.24,81.7,0.0,-0.0,0.0,213.8,1.66,341.0,90113.0,False,4,3,95
2005-04-05 04:00:00,-3.26,83.75,8.0,0.0,8.0,213.2,1.52,339.0,90130.0,False,4,4,95
2005-04-05 05:00:00,-0.71,81.8,117.0,37.14,105.0,215.4,1.17,357.0,90165.0,False,4,5,95
2005-04-05 06:00:00,1.7,68.5,327.0,233.32,209.0,220.8,1.86,37.0,90139.0,False,4,6,95
2005-04-05 07:00:00,3.66,55.45,327.0,54.68,291.0,240.4,2.76,63.0,90113.0,False,4,7,95
2005-04-05 08:00:00,4.76,51.8,304.0,9.08,297.0,259.8,2.55,67.0,90069.0,False,4,8,95
2005-04-05 09:00:00,5.93,47.6,393.0,26.35,371.0,259.6,2.48,64.0,89990.0,False,4,9,95
2005-04-05 10:00:00,7.25,43.0,323.0,3.54,320.0,253.6,2.41,60.0,89990.0,False,4,10,95
2005-04-05 11:00:00,8.28,39.95,442.0,52.17,400.0,274.2,2.48,54.0,89903.0,False,4,11,95
2005-04-05 12:00:00,8.83,37.4,518.0,185.11,386.0,285.6,2.34,47.0,89833.0,False,4,12,95
2005-04-05 13:00:00,9.15,35.9,429.0,197.57,315.0,283.2,2.34,41.0,89745.0,False,4,13,95
2005-04-05 14:00:00,9.19,35.45,342.0,310.29,216.0,280.6,2.69,31.0,89745.0,False,4,14,95
2005-04-05 15:00:00,8.55,36.45,182.0,287.86,121.0,275.0,3.45,23.0,89754.0,False,4,15,95
2005-04-05 16:00:00,7.43,40.55,22.0,0.0,22.0,271.0,3.52,16.0,89789.0,False,4,16,95
2005-04-05 17:00:00,5.74,47.1,0.0,-0.0,0.0,253.6,3.03,7.0,89824.0,False,4,17,95
2005-04-05 18:00:00,4.31,55.2,0.0,-0.0,0.0,244.8,2.34,348.0,89850.0,False,4,18,95
2005-04-05 19:00:00,2.13,66.6,0.0,-0.0,0.0,237.8,1.79,319.0,89850.0,False,4,19,95
2005-04-05 20:00:00,1.03,71.4,0.0,-0.0,0.0,236.0,1.86,304.0,89833.0,False,4,20,95
2005-04-05 21:00:00,0.35,73.8,0.0,-0.0,0.0,240.4,1.93,300.0,89833.0,False,4,21,95
2005-04-05 22:00:00,-0.44,76.15,0.0,-0.0,0.0,229.6,2.0,299.0,89833.0,False,4,22,95
2005-04-05 23:00:00,-0.78,77.0,0.0,-0.0,0.0,237.0,2.0,302.0,89807.0,False,4,23,95
2005-04-06 00:00:00,-1.11,77.3,0.0,-0.0,0.0,234.0,2.07,307.0,89824.0,False,4,0,96
2005-04-06 01:00:00,-1.52,77.75,0.0,-0.0,0.0,227.0,2.07,310.0,89789.0,False,4,1,96
2005-04-06 02:00:00,-1.84,78.1,0.0,-0.0,0.0,225.4,2.07,310.0,89789.0,False,4,2,96
2005-04-06 03:00:00,-2.2,78.8,0.0,-0.0,0.0,222.8,2.07,310.0,89798.0,False,4,3,96
2005-04-06 04:00:00,-2.2,79.15,28.0,70.38,19.0,222.4,2.0,309.0,89833.0,False,4,4,96
2005-04-06 05:00:00,0.89,75.65,226.0,454.39,77.0,224.2,1.45,320.0,89912.0,False,4,5,96
2005-04-06 06:00:00,4.77,55.3,363.0,331.16,194.0,228.0,2.0,351.0,89885.0,False,4,6,96
2005-04-06 07:00:00,6.73,48.25,629.0,737.9,140.0,234.2,2.9,12.0,89868.0,False,4,7,96
2005-04-06 08:00:00,8.29,43.45,780.0,800.4,160.0,238.6,3.24,19.0,89824.0,False,4,8,96
2005-04-06 09:00:00,9.59,41.0,870.0,816.96,185.0,243.0,3.03,26.0,89763.0,False,4,9,96
2005-04-06 10:00:00,10.67,39.1,871.0,741.24,241.0,247.2,2.69,31.0,89702.0,False,4,10,96
2005-04-06 11:00:00,11.49,37.3,837.0,734.99,243.0,251.4,2.34,35.0,89614.0,False,4,11,96
2005-04-06 12:00:00,12.04,35.8,767.0,797.4,196.0,253.4,2.07,32.0,89536.0,False,4,12,96
2005-04-06 13:00:00,12.29,34.65,608.0,715.63,193.0,254.0,1.86,29.0,89501.0,False,4,13,96
2005-04-06 14:00:00,12.22,34.0,404.0,557.54,176.0,254.2,1.66,28.0,89457.0,False,4,14,96
2005-04-06 15:00:00,11.77,34.3,172.0,223.43,124.0,252.0,1.59,29.0,89457.0,False,4,15,96
2005-04-06 16:00:00,10.71,39.25,24.0,0.0,24.0,248.8,1.93,41.0,89483.0,False,4,16,96
2005-04-06 17:00:00,8.35,51.4,0.0,-0.0,0.0,243.6,2.07,49.0,89509.0,False,4,17,96
2005-04-06 18:00:00,6.08,60.05,0.0,-0.0,0.0,238.8,1.86,50.0,89588.0,False,4,18,96
2005-04-06 19:00:00,7.34,45.05,0.0,-0.0,0.0,235.6,0.83,30.0,89588.0,False,4,19,96
2005-04-06 20:00:00,6.82,46.55,0.0,-0.0,0.0,237.6,0.83,274.0,89588.0,False,4,20,96
2005-04-06 21:00:00,3.4,61.95,0.0,-0.0,0.0,237.0,1.86,252.0,89606.0,False,4,21,96
2005-04-06 22:00:00,3.32,61.1,0.0,-0.0,0.0,242.4,1.66,257.0,89632.0,False,4,22,96
2005-04-06 23:00:00,3.06,61.55,0.0,-0.0,0.0,247.4,1.59,258.0,89571.0,False,4,23,96
2005-04-07 00:00:00,2.67,62.5,0.0,-0.0,0.0,246.2,1.59,258.0,89527.0,False,4,0,97
2005-04-07 01:00:00,2.21,61.8,0.0,-0.0,0.0,229.8,1.59,258.0,89527.0,False,4,1,97
2005-04-07 02:00:00,2.69,57.7,0.0,-0.0,0.0,225.2,1.45,256.0,89509.0,False,4,2,97
2005-04-07 03:00:00,3.55,52.65,0.0,-0.0,0.0,224.4,1.24,246.0,89492.0,False,4,3,97
2005-04-07 04:00:00,3.68,51.1,28.0,52.68,21.0,230.0,1.24,240.0,89527.0,False,4,4,97
2005-04-07 05:00:00,4.87,51.95,226.0,426.8,84.0,230.2,0.76,232.0,89536.0,False,4,5,97
2005-04-07 06:00:00,7.97,46.25,433.0,588.51,130.0,238.2,1.1,180.0,89544.0,False,4,6,97
2005-04-07 07:00:00,9.96,40.45,620.0,686.73,162.0,258.6,1.66,144.0,89483.0,False,4,7,97
2005-04-07 08:00:00,11.38,37.6,663.0,445.7,316.0,281.0,2.14,136.0,89422.0,False,4,8,97
2005-04-07 09:00:00,12.87,34.65,672.0,318.25,404.0,288.8,2.28,146.0,89343.0,False,4,9,97
2005-04-07 10:00:00,13.76,32.25,251.0,0.0,251.0,295.4,2.14,157.0,89299.0,False,4,10,97
2005-04-07 11:00:00,14.42,30.1,698.0,378.41,391.0,310.0,1.52,157.0,89195.0,False,4,11,97
2005-04-07 12:00:00,14.7,28.75,805.0,929.03,137.0,317.6,1.24,159.0,89142.0,False,4,12,97
2005-04-07 13:00:00,15.03,27.6,645.0,864.84,141.0,320.8,1.03,153.0,89090.0,False,4,13,97
2005-04-07 14:00:00,14.96,27.1,448.0,777.11,128.0,320.2,0.97,156.0,89098.0,False,4,14,97
2005-04-07 15:00:00,14.71,28.6,212.0,463.86,111.0,320.6,0.76,116.0,89072.0,False,4,15,97
2005-04-07 16:00:00,12.96,49.5,25.0,0.0,25.0,313.8,1.17,114.0,89063.0,False,4,16,97
2005-04-07 17:00:00,11.69,42.95,0.0,-0.0,0.0,314.4,1.24,101.0,89046.0,False,4,17,97
2005-04-07 18:00:00,11.94,34.15,0.0,-0.0,0.0,315.4,0.9,83.0,89081.0,False,4,18,97
2005-04-07 19:00:00,8.92,55.85,0.0,-0.0,0.0,298.0,1.31,27.0,89098.0,False,4,19,97
2005-04-07 20:00:00,9.06,50.7,0.0,-0.0,0.0,302.2,1.1,353.0,89055.0,False,4,20,97
2005-04-07 21:00:00,9.06,49.35,0.0,-0.0,0.0,292.6,1.03,308.0,89028.0,False,4,21,97
2005-04-07 22:00:00,8.74,49.35,0.0,-0.0,0.0,280.6,1.1,300.0,88967.0,False,4,22,97
2005-04-07 23:00:00,8.19,50.05,0.0,-0.0,0.0,273.4,1.17,298.0,88967.0,False,4,23,97
2005-04-08 00:00:00,7.73,50.6,0.0,-0.0,0.0,276.8,1.31,295.0,88897.0,False,4,0,98
2005-04-08 01:00:00,7.93,49.1,0.0,-0.0,0.0,285.8,1.1,300.0,88862.0,False,4,1,98
2005-04-08 02:00:00,8.26,46.85,0.0,-0.0,0.0,283.2,0.9,295.0,88836.0,False,4,2,98
2005-04-08 03:00:00,8.01,47.3,0.0,-0.0,0.0,283.2,0.9,330.0,88836.0,False,4,3,98
2005-04-08 04:00:00,6.99,52.35,20.0,7.25,19.0,287.0,1.24,313.0,88827.0,False,4,4,98
2005-04-08 05:00:00,7.92,49.85,27.0,0.0,27.0,294.6,0.83,293.0,88889.0,False,4,5,98
2005-04-08 06:00:00,8.33,62.5,123.0,0.0,123.0,300.4,0.48,303.0,88897.0,False,4,6,98
2005-04-08 07:00:00,11.11,43.85,412.0,144.54,315.0,301.0,0.34,34.0,88915.0,False,4,7,98
2005-04-08 08:00:00,12.76,40.55,338.0,17.89,324.0,298.8,0.76,67.0,88889.0,False,4,8,98
2005-04-08 09:00:00,14.52,36.3,515.0,102.88,428.0,306.2,1.1,63.0,88836.0,False,4,9,98
2005-04-08 10:00:00,15.61,34.05,731.0,384.09,402.0,304.4,1.59,71.0,88740.0,False,4,10,98
2005-04-08 11:00:00,16.43,31.8,480.0,74.9,419.0,315.4,2.21,74.0,88687.0,False,4,11,98
2005-04-08 12:00:00,16.9,30.75,101.0,0.0,101.0,313.8,2.41,81.0,88617.0,False,4,12,98
2005-04-08 13:00:00,17.0,30.2,57.0,0.0,57.0,310.6,2.48,69.0,88565.0,False,4,13,98
2005-04-08 14:00:00,16.44,32.35,136.0,0.0,136.0,322.6,2.97,52.0,88539.0,False,4,14,98
2005-04-08 15:00:00,15.56,37.3,21.0,0.0,21.0,323.8,2.69,30.0,88539.0,False,4,15,98
2005-04-08 16:00:00,13.84,44.8,28.0,0.0,28.0,312.8,2.48,358.0,88565.0,False,4,16,98
2005-04-08 17:00:00,12.01,51.45,0.0,-0.0,0.0,305.0,2.62,344.0,88565.0,False,4,17,98
2005-04-08 18:00:00,10.72,55.75,0.0,-0.0,0.0,299.0,2.62,332.0,88617.0,False,4,18,98
2005-04-08 19:00:00,9.97,61.95,0.0,-0.0,0.0,298.0,1.93,311.0,88626.0,False,4,19,98
2005-04-08 20:00:00,9.15,63.65,0.0,-0.0,0.0,298.2,1.93,309.0,88617.0,False,4,20,98
2005-04-08 21:00:00,8.37,63.6,0.0,-0.0,0.0,276.6,2.0,304.0,88617.0,False,4,21,98
2005-04-08 22:00:00,7.89,62.5,0.0,-0.0,0.0,269.8,1.93,302.0,88591.0,False,4,22,98
2005-04-08 23:00:00,7.75,60.55,0.0,-0.0,0.0,269.8,1.79,299.0,88600.0,False,4,23,98
2005-04-09 00:00:00,7.11,61.05,0.0,-0.0,0.0,259.4,1.86,294.0,88600.0,False,4,0,99
2005-04-09 01:00:00,6.84,61.4,0.0,-0.0,0.0,256.4,1.93,295.0,88591.0,False,4,1,99
2005-04-09 02:00:00,6.8,60.2,0.0,-0.0,0.0,263.6,1.86,292.0,88591.0,False,4,2,99
2005-04-09 03:00:00,7.23,56.8,0.0,-0.0,0.0,254.4,1.66,277.0,88626.0,False,4,3,99
2005-04-09 04:00:00,7.05,56.95,20.0,7.0,19.0,257.0,1.72,261.0,88661.0,False,4,4,99
2005-04-09 05:00:00,9.88,51.0,210.0,292.27,110.0,256.0,1.1,250.0,88714.0,False,4,5,99
2005-04-09 06:00:00,13.13,52.05,424.0,511.68,156.0,262.6,0.83,230.0,88766.0,False,4,6,99
2005-04-09 07:00:00,16.45,31.35,623.0,663.48,175.0,275.4,0.21,330.0,88749.0,False,4,7,99
2005-04-09 08:00:00,18.06,26.45,789.0,789.85,168.0,286.6,0.21,91.0,88766.0,False,4,8,99
2005-04-09 09:00:00,19.06,25.65,897.0,867.89,160.0,290.8,0.21,168.0,88749.0,False,4,9,99
2005-04-09 10:00:00,19.84,25.3,922.0,862.98,180.0,292.0,0.07,310.0,88731.0,False,4,10,99
2005-04-09 11:00:00,20.38,24.6,895.0,888.19,169.0,305.6,0.48,340.0,88696.0,False,4,11,99
2005-04-09 12:00:00,20.87,23.55,781.0,814.01,191.0,308.0,1.17,327.0,88679.0,False,4,12,99
2005-04-09 13:00:00,21.01,23.45,582.0,586.36,237.0,317.8,2.14,315.0,88670.0,False,4,13,99
2005-04-09 14:00:00,20.72,23.5,322.0,222.81,229.0,309.2,2.62,316.0,88687.0,False,4,14,99
2005-04-09 15:00:00,20.12,25.6,236.0,612.96,99.0,311.0,2.76,323.0,88644.0,False,4,15,99
2005-04-09 16:00:00,18.31,33.1,27.0,0.0,27.0,297.2,2.41,331.0,88679.0,False,4,16,99
2005-04-09 17:00:00,15.48,44.7,0.0,-0.0,0.0,297.8,2.21,330.0,88696.0,False,4,17,99
2005-04-09 18:00:00,13.13,52.3,0.0,-0.0,0.0,284.4,2.0,327.0,88784.0,False,4,18,99
2005-04-09 19:00:00,12.23,54.1,0.0,-0.0,0.0,281.0,1.93,285.0,88889.0,False,4,19,99
2005-04-09 20:00:00,10.49,60.35,0.0,-0.0,0.0,277.2,2.07,278.0,88906.0,False,4,20,99
2005-04-09 21:00:00,8.92,66.8,0.0,-0.0,0.0,275.4,2.21,271.0,88941.0,False,4,21,99
2005-04-09 22:00:00,7.74,71.75,0.0,-0.0,0.0,272.8,2.28,266.0,88958.0,False,4,22,99
2005-04-09 23:00:00,6.89,75.4,0.0,-0.0,0.0,271.4,2.34,265.0,88915.0,False,4,23,99
2005-04-10 00:00:00,6.23,78.55,0.0,-0.0,0.0,271.0,2.34,264.0,88950.0,False,4,0,100
2005-04-10 01:00:00,5.65,80.95,0.0,-0.0,0.0,266.8,2.41,265.0,88950.0,False,4,1,100
2005-04-10 02:00:00,5.25,82.0,0.0,-0.0,0.0,265.8,2.34,267.0,88941.0,False,4,2,100
2005-04-10 03:00:00,5.18,81.0,0.0,-0.0,0.0,264.4,2.28,269.0,88976.0,False,4,3,100
2005-04-10 04:00:00,5.81,77.65,28.0,20.32,25.0,264.0,2.07,271.0,89028.0,False,4,4,100
2005-04-10 05:00:00,11.2,58.5,231.0,383.51,98.0,266.8,0.97,270.0,89063.0,False,4,5,100
2005-04-10 06:00:00,15.05,57.85,435.0,541.53,149.0,274.6,0.28,323.0,89098.0,False,4,6,100
2005-04-10 07:00:00,18.09,34.7,638.0,705.14,159.0,284.6,1.17,15.0,89125.0,False,4,7,100
2005-04-10 08:00:00,19.68,30.55,802.0,821.54,153.0,292.2,1.79,24.0,89107.0,False,4,8,100
2005-04-10 09:00:00,20.74,27.55,905.0,885.49,150.0,297.4,1.59,27.0,89098.0,False,4,9,100
2005-04-10 10:00:00,21.5,25.7,940.0,914.25,151.0,301.0,1.45,19.0,89020.0,False,4,10,100
2005-04-10 11:00:00,22.16,24.4,908.0,922.76,151.0,302.8,1.59,15.0,88976.0,False,4,11,100
2005-04-10 12:00:00,22.62,23.45,819.0,948.28,129.0,303.6,1.86,11.0,88941.0,False,4,12,100
2005-04-10 13:00:00,22.78,23.15,647.0,833.99,154.0,303.8,2.34,10.0,88889.0,False,4,13,100
2005-04-10 14:00:00,22.59,23.45,452.0,749.71,137.0,302.2,2.69,14.0,88880.0,False,4,14,100
2005-04-10 15:00:00,21.92,24.95,209.0,393.17,120.0,299.6,2.83,22.0,88871.0,False,4,15,100
2005-04-10 16:00:00,19.98,31.85,29.0,0.0,29.0,295.8,2.48,37.0,88897.0,False,4,16,100
2005-04-10 17:00:00,16.87,44.4,0.0,-0.0,0.0,291.2,2.28,47.0,88941.0,False,4,17,100
2005-04-10 18:00:00,15.95,41.9,0.0,-0.0,0.0,288.2,1.38,43.0,89020.0,False,4,18,100
2005-04-10 19:00:00,17.09,34.9,0.0,-0.0,0.0,286.8,0.83,13.0,89081.0,False,4,19,100
2005-04-10 20:00:00,16.51,35.65,0.0,-0.0,0.0,284.4,1.03,311.0,89090.0,False,4,20,100
2005-04-10 21:00:00,14.69,40.1,0.0,-0.0,0.0,283.0,1.45,289.0,89098.0,False,4,21,100
2005-04-10 22:00:00,13.66,42.25,0.0,-0.0,0.0,281.6,1.66,279.0,89133.0,False,4,22,100
2005-04-10 23:00:00,12.8,44.3,0.0,-0.0,0.0,279.6,1.72,273.0,89081.0,False,4,23,100
2005-04-11 00:00:00,13.56,40.45,0.0,-0.0,0.0,277.4,1.45,270.0,89107.0,False,4,0,101
2005-04-11 01:00:00,14.34,37.2,0.0,-0.0,0.0,275.4,1.1,274.0,89072.0,False,4,1,101
2005-04-11 02:00:00,14.29,36.7,0.0,-0.0,0.0,273.6,0.97,279.0,89072.0,False,4,2,101
2005-04-11 03:00:00,14.01,36.9,0.0,-0.0,0.0,272.0,1.03,281.0,89107.0,False,4,3,101
2005-04-11 04:00:00,13.76,37.4,28.0,19.68,25.0,271.0,1.03,279.0,89133.0,False,4,4,101
2005-04-11 05:00:00,14.63,37.8,230.0,358.58,104.0,274.0,0.62,267.0,89160.0,False,4,5,101
2005-04-11 06:00:00,16.78,52.1,450.0,589.73,136.0,279.8,0.28,168.0,89168.0,False,4,6,101
2005-04-11 07:00:00,19.74,29.9,643.0,706.87,160.0,286.6,0.97,109.0,89186.0,False,4,7,101
2005-04-11 08:00:00,21.34,26.95,802.0,807.65,161.0,293.0,2.0,108.0,89133.0,False,4,8,101
2005-04-11 09:00:00,22.61,23.85,909.0,886.66,150.0,298.8,2.41,111.0,89116.0,False,4,9,101
2005-04-11 10:00:00,23.59,21.5,944.0,914.41,152.0,302.4,2.48,112.0,89020.0,False,4,10,101
2005-04-11 11:00:00,24.36,19.85,901.0,890.33,168.0,305.2,2.55,109.0,88941.0,False,4,11,101
2005-04-11 12:00:00,24.77,18.9,805.0,880.31,162.0,308.2,2.62,104.0,88889.0,False,4,12,101
2005-04-11 13:00:00,24.8,18.6,654.0,850.37,149.0,307.4,2.55,96.0,88819.0,False,4,13,101
2005-04-11 14:00:00,24.55,19.15,444.0,695.19,150.0,307.0,2.62,84.0,88819.0,False,4,14,101
2005-04-11 15:00:00,23.71,22.4,213.0,401.38,121.0,303.6,2.69,68.0,88784.0,False,4,15,101
2005-04-11 16:00:00,21.42,30.85,31.0,0.0,31.0,299.4,2.55,51.0,88819.0,False,4,16,101
2005-04-11 17:00:00,18.18,44.9,0.0,-0.0,0.0,295.2,2.34,40.0,88836.0,False,4,17,101
2005-04-11 18:00:00,16.28,52.4,0.0,-0.0,0.0,304.2,1.79,32.0,88932.0,False,4,18,101
2005-04-11 19:00:00,17.61,40.75,0.0,-0.0,0.0,299.8,1.31,11.0,88941.0,False,4,19,101
2005-04-11 20:00:00,17.62,40.65,0.0,-0.0,0.0,298.6,1.17,348.0,88958.0,False,4,20,101
2005-04-11 21:00:00,17.61,40.0,0.0,-0.0,0.0,294.8,1.1,338.0,88967.0,False,4,21,101
2005-04-11 22:00:00,17.29,40.2,0.0,-0.0,0.0,300.6,0.97,327.0,88967.0,False,4,22,101
2005-04-11 23:00:00,16.99,40.4,0.0,-0.0,0.0,297.4,0.9,310.0,88932.0,False,4,23,101
2005-04-12 00:00:00,16.55,41.0,0.0,-0.0,0.0,292.4,0.97,288.0,88889.0,False,4,0,102
2005-04-12 01:00:00,16.03,41.95,0.0,-0.0,0.0,292.4,0.83,272.0,88880.0,False,4,1,102
2005-04-12 02:00:00,15.61,42.75,0.0,-0.0,0.0,292.6,0.69,254.0,88827.0,False,4,2,102
2005-04-12 03:00:00,15.25,43.35,0.0,-0.0,0.0,291.4,0.69,227.0,88845.0,False,4,3,102
2005-04-12 04:00:00,14.89,44.0,13.0,0.0,13.0,288.6,0.83,207.0,88845.0,False,4,4,102
2005-04-12 05:00:00,15.31,44.2,103.0,8.43,100.0,300.4,1.1,203.0,88862.0,False,4,5,102
2005-04-12 06:00:00,16.76,52.25,75.0,0.0,75.0,312.4,1.24,184.0,88862.0,False,4,6,102
2005-04-12 07:00:00,20.05,33.65,435.0,161.52,324.0,319.4,1.86,161.0,88871.0,False,4,7,102
2005-04-12 08:00:00,22.07,28.45,630.0,336.14,362.0,324.2,2.9,161.0,88827.0,False,4,8,102
2005-04-12 09:00:00,23.65,24.5,596.0,181.53,440.0,336.8,3.86,163.0,88766.0,False,4,9,102
2005-04-12 10:00:00,24.75,21.6,593.0,156.47,457.0,340.4,4.21,161.0,88731.0,False,4,10,102
2005-04-12 11:00:00,25.47,19.1,601.0,194.88,440.0,344.0,4.41,162.0,88635.0,False,4,11,102
2005-04-12 12:00:00,25.94,17.25,537.0,193.68,395.0,346.4,4.55,164.0,88565.0,False,4,12,102
2005-04-12 13:00:00,26.03,16.35,555.0,472.72,273.0,347.2,4.62,167.0,88469.0,False,4,13,102
2005-04-12 14:00:00,25.68,17.05,211.0,25.84,200.0,339.0,4.34,169.0,88451.0,False,4,14,102
2005-04-12 15:00:00,24.76,20.1,127.0,43.1,117.0,337.4,3.66,172.0,88425.0,False,4,15,102
2005-04-12 16:00:00,22.67,25.45,29.0,0.0,29.0,325.4,2.9,175.0,88425.0,False,4,16,102
2005-04-12 17:00:00,19.63,32.65,0.0,-0.0,0.0,311.8,2.76,186.0,88460.0,False,4,17,102
2005-04-12 18:00:00,17.24,38.15,0.0,-0.0,0.0,306.2,2.76,198.0,88504.0,False,4,18,102
2005-04-12 19:00:00,15.69,41.4,0.0,-0.0,0.0,305.2,2.69,199.0,88539.0,False,4,19,102
2005-04-12 20:00:00,14.38,44.6,0.0,-0.0,0.0,304.8,2.69,197.0,88521.0,False,4,20,102
2005-04-12 21:00:00,13.53,45.95,0.0,-0.0,0.0,305.4,2.69,195.0,88530.0,False,4,21,102
2005-04-12 22:00:00,13.02,46.5,0.0,-0.0,0.0,309.6,2.76,195.0,88521.0,False,4,22,102
2005-04-12 23:00:00,12.68,47.45,0.0,-0.0,0.0,311.6,2.76,196.0,88495.0,False,4,23,102
2005-04-13 00:00:00,12.34,49.05,0.0,-0.0,0.0,313.0,2.69,193.0,88451.0,False,4,0,103
2005-04-13 01:00:00,11.83,50.75,0.0,-0.0,0.0,306.4,2.69,189.0,88416.0,False,4,1,103
2005-04-13 02:00:00,11.34,52.15,0.0,-0.0,0.0,303.8,2.76,187.0,88381.0,False,4,2,103
2005-04-13 03:00:00,10.83,54.35,0.0,-0.0,0.0,300.0,2.76,186.0,88381.0,False,4,3,103
2005-04-13 04:00:00,10.82,57.45,9.0,0.0,9.0,302.4,2.69,186.0,88373.0,False,4,4,103
2005-04-13 05:00:00,12.94,56.2,31.0,0.0,31.0,302.8,2.41,180.0,88373.0,False,4,5,103
2005-04-13 06:00:00,17.34,36.8,91.0,0.0,91.0,306.8,3.17,172.0,88364.0,False,4,6,103
2005-04-13 07:00:00,20.21,29.4,317.0,34.73,293.0,314.0,4.55,166.0,88311.0,False,4,7,103
2005-04-13 08:00:00,22.34,24.9,724.0,548.17,285.0,323.8,6.0,163.0,88233.0,False,4,8,103
2005-04-13 09:00:00,23.93,21.75,877.0,762.79,219.0,323.8,6.9,165.0,88154.0,False,4,9,103
2005-04-13 10:00:00,25.23,19.4,981.0,1021.53,90.0,321.4,7.45,171.0,88049.0,False,4,10,103
2005-04-13 11:00:00,26.13,17.95,903.0,874.56,178.0,320.0,8.07,178.0,88023.0,False,4,11,103
2005-04-13 12:00:00,25.22,19.05,625.0,347.89,369.0,338.8,7.52,182.0,87918.0,False,4,12,103
2005-04-13 13:00:00,25.56,15.85,663.0,867.81,143.0,330.8,7.79,186.0,87831.0,False,4,13,103
2005-04-13 14:00:00,25.03,15.6,466.0,782.12,131.0,316.6,7.66,190.0,87761.0,False,4,14,103
2005-04-13 15:00:00,23.68,19.05,213.0,366.18,127.0,303.6,6.48,194.0,87761.0,False,4,15,103
2005-04-13 16:00:00,21.51,24.2,34.0,0.0,34.0,299.4,5.1,201.0,87804.0,False,4,16,103
2005-04-13 17:00:00,18.96,30.45,0.0,-0.0,0.0,293.0,4.28,204.0,87883.0,False,4,17,103
2005-04-13 18:00:00,16.92,36.2,0.0,-0.0,0.0,286.4,3.66,203.0,87970.0,False,4,18,103
2005-04-13 19:00:00,15.92,37.45,0.0,-0.0,0.0,281.4,4.0,183.0,88014.0,False,4,19,103
2005-04-13 20:00:00,14.29,42.4,0.0,-0.0,0.0,274.6,3.52,186.0,88040.0,False,4,20,103
2005-04-13 21:00:00,12.59,47.9,0.0,-0.0,0.0,267.2,3.17,196.0,88067.0,False,4,21,103
2005-04-13 22:00:00,11.05,52.75,0.0,-0.0,0.0,261.8,2.97,206.0,88075.0,False,4,22,103
2005-04-13 23:00:00,9.53,57.15,0.0,-0.0,0.0,254.0,2.9,217.0,88084.0,False,4,23,103
2005-04-14 00:00:00,8.18,62.15,0.0,-0.0,0.0,251.0,2.69,227.0,88128.0,False,4,0,104
2005-04-14 01:00:00,6.92,67.25,0.0,-0.0,0.0,250.0,2.41,237.0,88189.0,False,4,1,104
2005-04-14 02:00:00,6.25,69.85,0.0,-0.0,0.0,245.4,2.07,241.0,88233.0,False,4,2,104
2005-04-14 03:00:00,5.9,71.35,0.0,-0.0,0.0,242.8,1.86,238.0,88285.0,False,4,3,104
2005-04-14 04:00:00,6.03,72.0,36.0,24.0,32.0,247.4,1.59,230.0,88364.0,False,4,4,104
2005-04-14 05:00:00,8.03,73.2,249.0,400.2,103.0,251.0,1.45,208.0,88408.0,False,4,5,104
2005-04-14 06:00:00,11.08,47.6,469.0,620.18,131.0,262.4,2.76,206.0,88416.0,False,4,6,104
2005-04-14 07:00:00,12.75,41.3,660.0,725.26,156.0,260.0,3.52,198.0,88346.0,False,4,7,104
2005-04-14 08:00:00,14.56,35.2,805.0,780.76,177.0,268.4,4.9,200.0,88346.0,False,4,8,104
2005-04-14 09:00:00,16.03,29.85,911.0,856.98,169.0,280.0,5.79,200.0,88259.0,False,4,9,104
2005-04-14 10:00:00,17.01,25.9,939.0,866.1,181.0,296.8,6.69,201.0,88207.0,False,4,10,104
2005-04-14 11:00:00,17.41,24.95,895.0,841.59,195.0,288.4,7.45,206.0,88145.0,False,4,11,104
2005-04-14 12:00:00,17.25,26.1,787.0,785.35,207.0,283.6,7.72,210.0,88119.0,False,4,12,104
2005-04-14 13:00:00,16.71,27.25,648.0,789.25,173.0,294.8,7.45,211.0,88145.0,False,4,13,104
2005-04-14 14:00:00,15.56,30.35,420.0,540.61,187.0,289.4,7.38,212.0,88172.0,False,4,14,104
2005-04-14 15:00:00,13.73,37.65,172.0,155.69,135.0,276.0,7.03,215.0,88276.0,False,4,15,104
2005-04-14 16:00:00,11.72,45.9,30.0,0.0,30.0,271.2,5.45,213.0,88338.0,False,4,16,104
2005-04-14 17:00:00,10.23,51.8,0.0,-0.0,0.0,267.4,5.1,210.0,88434.0,False,4,17,104
2005-04-14 18:00:00,9.23,56.3,0.0,-0.0,0.0,268.8,4.69,207.0,88513.0,False,4,18,104
2005-04-14 19:00:00,8.35,63.0,0.0,-0.0,0.0,266.6,3.79,211.0,88565.0,False,4,19,104
2005-04-14 20:00:00,7.58,66.7,0.0,-0.0,0.0,258.0,3.1,213.0,88565.0,False,4,20,104
2005-04-14 21:00:00,6.85,70.75,0.0,-0.0,0.0,255.2,2.55,211.0,88600.0,False,4,21,104
2005-04-14 22:00:00,5.99,75.4,0.0,-0.0,0.0,252.2,2.28,210.0,88556.0,False,4,22,104
2005-04-14 23:00:00,5.07,80.4,0.0,-0.0,0.0,250.6,2.0,207.0,88513.0,False,4,23,104
2005-04-15 00:00:00,4.35,84.0,0.0,-0.0,0.0,252.4,1.93,199.0,88530.0,False,4,0,105
2005-04-15 01:00:00,3.77,86.55,0.0,-0.0,0.0,246.8,1.79,190.0,88495.0,False,4,1,105
2005-04-15 02:00:00,3.15,88.15,0.0,-0.0,0.0,243.8,1.86,184.0,88469.0,False,4,2,105
2005-04-15 03:00:00,2.56,89.95,0.0,-0.0,0.0,241.8,1.93,185.0,88469.0,False,4,3,105
2005-04-15 04:00:00,2.79,89.85,20.0,0.0,20.0,242.0,1.72,191.0,88513.0,False,4,4,105
2005-04-15 05:00:00,6.22,77.0,232.0,297.96,122.0,243.8,1.79,183.0,88521.0,False,4,5,105
2005-04-15 06:00:00,8.91,60.7,428.0,438.93,187.0,250.6,2.14,196.0,88478.0,False,4,6,105
2005-04-15 07:00:00,11.28,46.9,668.0,741.41,150.0,259.0,2.34,231.0,88434.0,False,4,7,105
2005-04-15 08:00:00,12.71,38.95,578.0,229.02,393.0,267.8,2.55,242.0,88381.0,False,4,8,105
2005-04-15 09:00:00,13.8,35.75,156.0,0.0,156.0,272.4,2.62,245.0,88303.0,False,4,9,105
2005-04-15 10:00:00,15.12,32.75,331.0,3.42,328.0,275.6,2.34,248.0,88294.0,False,4,10,105
2005-04-15 11:00:00,16.03,30.9,449.0,46.74,410.0,277.4,2.28,254.0,88276.0,False,4,11,105
2005-04-15 12:00:00,16.51,28.25,560.0,219.93,397.0,296.4,2.55,262.0,88189.0,False,4,12,105
2005-04-15 13:00:00,13.58,44.7,382.0,99.27,322.0,306.4,3.79,266.0,88180.0,False,4,13,105
2005-04-15 14:00:00,12.74,49.95,319.0,186.79,238.0,284.0,3.1,265.0,88241.0,False,4,14,105
2005-04-15 15:00:00,13.7,41.7,152.0,87.34,131.0,283.4,2.07,274.0,88241.0,False,4,15,105
2005-04-15 16:00:00,13.3,42.25,24.0,0.0,24.0,280.4,1.93,280.0,88294.0,False,4,16,105
2005-04-15 17:00:00,12.29,47.15,0.0,-0.0,0.0,295.8,2.14,278.0,88346.0,False,4,17,105
2005-04-15 18:00:00,11.22,54.2,0.0,-0.0,0.0,304.4,2.14,284.0,88425.0,False,4,18,105
2005-04-15 19:00:00,9.68,62.6,0.0,-0.0,0.0,280.8,2.0,269.0,88486.0,False,4,19,105
2005-04-15 20:00:00,8.37,71.85,0.0,-0.0,0.0,271.0,1.72,261.0,88504.0,False,4,20,105
2005-04-15 21:00:00,7.54,75.55,0.0,-0.0,0.0,263.8,1.59,250.0,88530.0,False,4,21,105
2005-04-15 22:00:00,6.52,80.15,0.0,-0.0,0.0,258.6,1.72,248.0,88556.0,False,4,22,105
2005-04-15 23:00:00,5.66,84.05,0.0,-0.0,0.0,257.0,1.79,249.0,88548.0,False,4,23,105
2005-04-16 00:00:00,5.0,86.45,0.0,-0.0,0.0,255.2,1.72,247.0,88548.0,False,4,0,106
2005-04-16 01:00:00,4.47,88.35,0.0,-0.0,0.0,253.4,1.72,242.0,88548.0,False,4,1,106
2005-04-16 02:00:00,3.73,90.75,0.0,-0.0,0.0,252.2,1.86,241.0,88574.0,False,4,2,106
2005-04-16 03:00:00,3.4,91.6,0.0,-0.0,0.0,252.6,1.72,242.0,88635.0,False,4,3,106
2005-04-16 04:00:00,3.77,91.95,35.0,11.38,33.0,262.4,1.52,241.0,88687.0,False,4,4,106
2005-04-16 05:00:00,6.88,85.5,247.0,348.09,117.0,263.6,1.17,236.0,88740.0,False,4,5,106
2005-04-16 06:00:00,10.49,62.0,473.0,602.11,140.0,271.2,1.24,221.0,88740.0,False,4,6,106
2005-04-16 07:00:00,12.24,50.9,672.0,743.23,150.0,274.2,1.45,277.0,88696.0,False,4,7,106
2005-04-16 08:00:00,13.93,40.15,378.0,28.35,355.0,278.8,1.72,287.0,88661.0,False,4,8,106
2005-04-16 09:00:00,15.22,35.05,562.0,131.87,447.0,299.0,1.86,285.0,88626.0,False,4,9,106
2005-04-16 10:00:00,15.81,34.3,833.0,560.76,339.0,315.0,1.93,291.0,88617.0,False,4,10,106
2005-04-16 11:00:00,16.33,33.65,794.0,542.3,340.0,313.2,2.21,297.0,88574.0,False,4,11,106
2005-04-16 12:00:00,16.66,33.7,330.0,12.1,321.0,308.4,2.28,299.0,88574.0,False,4,12,106
2005-04-16 13:00:00,17.04,33.75,490.0,278.42,321.0,293.4,2.34,298.0,88504.0,False,4,13,106
2005-04-16 14:00:00,17.17,33.85,117.0,0.0,117.0,290.4,2.34,294.0,88478.0,False,4,14,106
2005-04-16 15:00:00,16.67,35.0,232.0,452.27,122.0,289.4,2.55,288.0,88469.0,False,4,15,106
2005-04-16 16:00:00,15.74,38.15,38.0,0.0,38.0,289.6,1.93,285.0,88486.0,False,4,16,106
2005-04-16 17:00:00,14.27,48.4,0.0,-0.0,0.0,280.8,0.97,283.0,88530.0,False,4,17,106
2005-04-16 18:00:00,13.92,42.35,0.0,-0.0,0.0,274.6,0.41,223.0,88583.0,False,4,18,106
2005-04-16 19:00:00,11.92,52.75,0.0,-0.0,0.0,271.2,1.24,233.0,88626.0,False,4,19,106
2005-04-16 20:00:00,9.85,60.9,0.0,-0.0,0.0,266.6,1.59,219.0,88609.0,False,4,20,106
2005-04-16 21:00:00,7.91,68.8,0.0,-0.0,0.0,261.6,2.21,221.0,88635.0,False,4,21,106
2005-04-16 22:00:00,6.79,73.65,0.0,-0.0,0.0,259.2,2.48,231.0,88679.0,False,4,22,106
2005-04-16 23:00:00,6.06,78.75,0.0,-0.0,0.0,258.0,2.55,236.0,88687.0,False,4,23,106
2005-04-17 00:00:00,5.38,84.1,0.0,-0.0,0.0,256.8,2.41,238.0,88687.0,False,4,0,107
2005-04-17 01:00:00,4.88,87.7,0.0,-0.0,0.0,259.0,2.41,238.0,88670.0,False,4,1,107
2005-04-17 02:00:00,4.67,90.6,0.0,-0.0,0.0,264.8,2.41,235.0,88714.0,False,4,2,107
2005-04-17 03:00:00,4.6,92.5,0.0,-0.0,0.0,273.6,2.34,232.0,88731.0,False,4,3,107
2005-04-17 04:00:00,4.9,92.1,39.0,16.64,36.0,271.0,2.14,229.0,88775.0,False,4,4,107
2005-04-17 05:00:00,7.96,78.95,132.0,21.18,124.0,282.2,2.0,218.0,88792.0,False,4,5,107
2005-04-17 06:00:00,12.0,56.45,407.0,348.31,213.0,279.8,2.07,201.0,88775.0,False,4,6,107
2005-04-17 07:00:00,15.2,41.55,618.0,548.2,231.0,275.2,2.55,186.0,88731.0,False,4,7,107
2005-04-17 08:00:00,17.75,32.6,777.0,661.79,238.0,288.4,2.83,184.0,88652.0,False,4,8,107
2005-04-17 09:00:00,19.69,26.95,872.0,711.92,249.0,299.0,2.76,195.0,88600.0,False,4,9,107
2005-04-17 10:00:00,21.15,23.6,932.0,819.25,208.0,302.0,3.03,216.0,88565.0,False,4,10,107
2005-04-17 11:00:00,22.19,21.25,466.0,54.77,420.0,307.8,3.79,226.0,88469.0,False,4,11,107
2005-04-17 12:00:00,22.87,20.3,238.0,0.0,238.0,318.4,4.48,230.0,88373.0,False,4,12,107
2005-04-17 13:00:00,22.49,21.25,336.0,49.22,306.0,323.4,5.17,234.0,88311.0,False,4,13,107
2005-04-17 14:00:00,21.37,24.95,169.0,4.56,167.0,338.8,5.52,237.0,88311.0,False,4,14,107
2005-04-17 15:00:00,20.05,30.2,137.0,44.72,126.0,322.2,5.31,238.0,88346.0,False,4,15,107
2005-04-17 16:00:00,18.25,36.6,38.0,0.0,38.0,331.0,4.55,239.0,88390.0,False,4,16,107
2005-04-17 17:00:00,16.62,42.2,0.0,-0.0,0.0,336.6,3.38,232.0,88460.0,False,4,17,107
2005-04-17 18:00:00,15.54,45.85,0.0,-0.0,0.0,335.8,3.03,216.0,88486.0,False,4,18,107
2005-04-17 19:00:00,14.98,46.35,0.0,-0.0,0.0,328.8,3.1,205.0,88486.0,False,4,19,107
2005-04-17 20:00:00,14.26,48.1,0.0,-0.0,0.0,320.8,3.31,197.0,88460.0,False,4,20,107
2005-04-17 21:00:00,13.53,50.45,0.0,-0.0,0.0,312.4,3.45,194.0,88416.0,False,4,21,107
2005-04-17 22:00:00,12.68,54.45,0.0,-0.0,0.0,302.4,3.24,191.0,88390.0,False,4,22,107
2005-04-17 23:00:00,12.0,58.0,0.0,-0.0,0.0,297.2,3.31,187.0,88364.0,False,4,23,107
2005-04-18 00:00:00,11.46,61.0,0.0,-0.0,0.0,294.0,3.38,185.0,88346.0,False,4,0,108
2005-04-18 01:00:00,10.78,65.25,0.0,-0.0,0.0,292.4,3.1,179.0,88311.0,False,4,1,108
2005-04-18 02:00:00,9.98,71.05,0.0,-0.0,0.0,291.4,2.83,170.0,88285.0,False,4,2,108
2005-04-18 03:00:00,9.32,75.8,0.0,-0.0,0.0,289.8,2.76,165.0,88259.0,False,4,3,108
2005-04-18 04:00:00,9.34,76.3,0.0,0.0,0.0,287.4,2.76,165.0,88259.0,False,4,4,108
2005-04-18 05:00:00,11.33,66.35,0.0,0.0,0.0,301.0,3.1,163.0,88259.0,False,4,5,108
2005-04-18 06:00:00,14.15,50.3,0.0,0.0,0.0,292.0,4.69,163.0,88224.0,False,4,6,108
2005-04-18 07:00:00,17.53,37.25,0.0,0.0,0.0,293.2,6.07,168.0,88145.0,False,4,7,108
2005-04-18 08:00:00,19.59,29.65,0.0,0.0,0.0,305.0,7.86,181.0,88058.0,False,4,8,108
2005-04-18 09:00:00,20.84,27.7,0.0,0.0,0.0,318.4,8.21,185.0,87979.0,False,4,9,108
2005-04-18 10:00:00,21.21,28.75,0.0,0.0,0.0,314.2,9.03,195.0,88023.0,False,4,10,108
2005-04-18 11:00:00,20.48,30.0,0.0,0.0,0.0,339.8,9.93,201.0,88023.0,False,4,11,108
2005-04-18 12:00:00,19.54,32.75,0.0,0.0,0.0,331.0,9.59,194.0,87979.0,False,4,12,108
2005-04-18 13:00:00,18.79,34.15,76.0,0.0,76.0,336.0,9.17,190.0,87953.0,False,4,13,108
2005-04-18 14:00:00,16.66,43.8,51.0,0.0,51.0,345.2,8.69,185.0,87935.0,False,4,14,108
2005-04-18 15:00:00,13.42,67.6,40.0,0.0,40.0,321.8,6.21,172.0,87935.0,False,4,15,108
2005-04-18 16:00:00,11.76,77.7,10.0,0.0,10.0,321.2,6.07,168.0,87953.0,False,4,16,108
2005-04-18 17:00:00,11.0,79.75,0.0,-0.0,0.0,315.2,5.52,169.0,87953.0,False,4,17,108
2005-04-18 18:00:00,10.75,80.3,0.0,-0.0,0.0,318.6,5.03,170.0,87962.0,False,4,18,108
2005-04-18 19:00:00,10.92,77.2,0.0,-0.0,0.0,310.2,4.21,173.0,87927.0,False,4,19,108
2005-04-18 20:00:00,10.45,77.7,0.0,-0.0,0.0,288.4,4.21,171.0,87874.0,False,4,20,108
2005-04-18 21:00:00,9.7,79.5,0.0,-0.0,0.0,269.4,4.14,172.0,87822.0,False,4,21,108
2005-04-18 22:00:00,9.09,81.8,0.0,-0.0,0.0,270.2,3.79,177.0,87752.0,False,4,22,108
2005-04-18 23:00:00,8.65,84.1,0.0,-0.0,0.0,278.6,3.31,185.0,87717.0,False,4,23,108
2005-04-19 00:00:00,8.46,84.9,0.0,-0.0,0.0,288.2,2.9,188.0,87708.0,False,4,0,109
2005-04-19 01:00:00,8.33,85.2,0.0,-0.0,0.0,293.2,2.62,197.0,87699.0,False,4,1,109
2005-04-19 02:00:00,8.05,86.05,0.0,-0.0,0.0,290.4,2.9,230.0,87796.0,False,4,2,109
2005-04-19 03:00:00,7.88,87.0,0.0,-0.0,0.0,304.6,2.48,251.0,87935.0,False,4,3,109
2005-04-19 04:00:00,7.53,87.35,57.0,63.45,45.0,285.6,1.72,239.0,88023.0,False,4,4,109
2005-04-19 05:00:00,9.73,74.35,297.0,570.03,77.0,264.0,2.07,221.0,88093.0,False,4,5,109
2005-04-19 06:00:00,11.6,50.65,517.0,756.26,90.0,255.4,4.0,234.0,88102.0,False,4,6,109
2005-04-19 07:00:00,13.11,37.35,713.0,865.4,96.0,260.4,4.41,231.0,88084.0,False,4,7,109
2005-04-19 08:00:00,14.9,31.5,847.0,863.73,138.0,264.4,5.24,228.0,88058.0,False,4,8,109
2005-04-19 09:00:00,16.36,26.95,888.0,741.24,235.0,271.6,5.79,232.0,88058.0,False,4,9,109
2005-04-19 10:00:00,17.38,24.45,903.0,719.77,263.0,277.2,6.0,237.0,88067.0,False,4,10,109
2005-04-19 11:00:00,17.77,23.65,940.0,945.65,141.0,294.8,6.14,241.0,88040.0,False,4,11,109
2005-04-19 12:00:00,18.53,23.15,134.0,0.0,134.0,285.6,6.34,243.0,88040.0,False,4,12,109
2005-04-19 13:00:00,18.51,24.1,669.0,823.43,163.0,294.0,6.34,244.0,88032.0,False,4,13,109
2005-04-19 14:00:00,17.97,25.45,422.0,497.71,201.0,299.0,5.93,245.0,88023.0,False,4,14,109
2005-04-19 15:00:00,17.02,28.0,228.0,377.81,133.0,315.4,5.03,250.0,88058.0,False,4,15,109
2005-04-19 16:00:00,15.68,33.1,39.0,0.0,39.0,280.6,3.72,258.0,88137.0,False,4,16,109
2005-04-19 17:00:00,13.78,40.65,0.0,-0.0,0.0,270.8,2.9,256.0,88241.0,False,4,17,109
2005-04-19 18:00:00,12.16,49.4,0.0,-0.0,0.0,269.2,2.62,240.0,88355.0,False,4,18,109
2005-04-19 19:00:00,10.8,57.7,0.0,-0.0,0.0,265.8,3.03,220.0,88469.0,False,4,19,109
2005-04-19 20:00:00,9.77,64.6,0.0,-0.0,0.0,264.2,3.17,220.0,88530.0,False,4,20,109
2005-04-19 21:00:00,8.66,71.25,0.0,-0.0,0.0,261.6,2.69,225.0,88574.0,False,4,21,109
2005-04-19 22:00:00,7.27,79.15,0.0,-0.0,0.0,256.6,2.14,234.0,88591.0,False,4,22,109
2005-04-19 23:00:00,6.31,83.7,0.0,-0.0,0.0,251.8,1.86,248.0,88583.0,False,4,23,109
2005-04-20 00:00:00,5.67,85.45,0.0,-0.0,0.0,251.2,1.72,244.0,88626.0,False,4,0,110
2005-04-20 01:00:00,4.87,88.3,0.0,-0.0,0.0,250.8,1.79,238.0,88644.0,False,4,1,110
2005-04-20 02:00:00,4.33,90.05,0.0,-0.0,0.0,249.0,1.72,242.0,88661.0,False,4,2,110
2005-04-20 03:00:00,4.03,91.0,0.0,-0.0,0.0,251.2,1.66,254.0,88687.0,False,4,3,110
2005-04-20 04:00:00,4.7,89.95,42.0,10.34,40.0,264.4,1.38,254.0,88775.0,False,4,4,110
2005-04-20 05:00:00,7.72,80.2,240.0,258.99,139.0,273.4,1.1,242.0,88862.0,False,4,5,110
2005-04-20 06:00:00,10.89,58.9,400.0,297.36,231.0,278.4,0.97,218.0,88836.0,False,4,6,110
2005-04-20 07:00:00,13.34,46.6,644.0,597.46,216.0,267.0,1.17,189.0,88827.0,False,4,7,110
2005-04-20 08:00:00,15.32,37.55,818.0,757.31,194.0,270.2,1.86,175.0,88766.0,False,4,8,110
2005-04-20 09:00:00,17.06,31.95,941.0,893.87,151.0,277.0,2.34,176.0,88705.0,False,4,9,110
2005-04-20 10:00:00,18.63,27.6,885.0,664.95,292.0,285.0,2.48,184.0,88644.0,False,4,10,110
2005-04-20 11:00:00,20.0,24.0,675.0,283.22,435.0,287.0,2.48,190.0,88556.0,False,4,11,110
2005-04-20 12:00:00,21.02,21.35,830.0,885.01,163.0,293.2,2.41,195.0,88521.0,False,4,12,110
2005-04-20 13:00:00,21.6,19.75,555.0,423.05,294.0,300.8,2.34,203.0,88443.0,False,4,13,110
2005-04-20 14:00:00,21.72,19.3,510.0,940.49,90.0,301.2,2.48,216.0,88425.0,False,4,14,110
2005-04-20 15:00:00,21.28,20.7,239.0,432.79,129.0,301.4,2.62,232.0,88425.0,False,4,15,110
2005-04-20 16:00:00,19.86,25.85,39.0,0.0,39.0,294.0,2.48,258.0,88469.0,False,4,16,110
2005-04-20 17:00:00,17.33,35.0,0.0,-0.0,0.0,290.4,2.97,275.0,88548.0,False,4,17,110
2005-04-20 18:00:00,15.18,46.6,0.0,-0.0,0.0,286.0,2.62,276.0,88635.0,False,4,18,110
2005-04-20 19:00:00,12.94,60.0,0.0,-0.0,0.0,279.6,2.14,270.0,88731.0,False,4,19,110
2005-04-20 20:00:00,11.61,68.1,0.0,-0.0,0.0,274.8,1.72,256.0,88705.0,False,4,20,110
2005-04-20 21:00:00,10.43,73.5,0.0,-0.0,0.0,279.0,1.79,245.0,88766.0,False,4,21,110
2005-04-20 22:00:00,9.27,79.35,0.0,-0.0,0.0,278.8,1.93,243.0,88775.0,False,4,22,110
2005-04-20 23:00:00,8.37,84.05,0.0,-0.0,0.0,279.0,2.0,246.0,88784.0,False,4,23,110
2005-04-21 00:00:00,7.51,87.0,0.0,-0.0,0.0,271.0,2.07,246.0,88757.0,False,4,0,111
2005-04-21 01:00:00,6.77,89.15,0.0,-0.0,0.0,266.0,2.14,244.0,88801.0,False,4,1,111
2005-04-21 02:00:00,6.33,90.75,0.0,-0.0,0.0,274.8,2.07,242.0,88819.0,False,4,2,111
2005-04-21 03:00:00,6.05,91.25,0.0,-0.0,0.0,278.2,2.0,243.0,88854.0,False,4,3,111
2005-04-21 04:00:00,6.38,90.05,61.0,55.65,50.0,273.6,1.72,241.0,88924.0,False,4,4,111
2005-04-21 05:00:00,10.09,73.4,300.0,540.71,87.0,281.0,1.31,228.0,88958.0,False,4,5,111
2005-04-21 06:00:00,13.53,51.0,519.0,725.54,104.0,286.4,1.31,194.0,88950.0,False,4,6,111
2005-04-21 07:00:00,16.04,43.7,696.0,765.6,145.0,283.2,2.0,164.0,88889.0,False,4,7,111
2005-04-21 08:00:00,18.19,34.35,858.0,881.5,129.0,288.8,2.76,160.0,88836.0,False,4,8,111
2005-04-21 09:00:00,20.05,27.6,954.0,928.29,131.0,294.0,3.1,170.0,88784.0,False,4,9,111
2005-04-21 10:00:00,21.69,23.7,976.0,920.2,153.0,299.0,3.38,183.0,88661.0,False,4,10,111
2005-04-21 11:00:00,23.12,21.5,945.0,946.05,141.0,304.4,3.59,192.0,88556.0,False,4,11,111
2005-04-21 12:00:00,24.18,20.95,833.0,884.86,164.0,311.4,3.79,199.0,88495.0,False,4,12,111
2005-04-21 13:00:00,24.5,21.3,413.0,125.94,335.0,318.8,4.83,213.0,88425.0,False,4,13,111
2005-04-21 14:00:00,23.32,25.65,302.0,129.15,244.0,325.8,5.17,221.0,88416.0,False,4,14,111
2005-04-21 15:00:00,22.64,26.75,67.0,0.0,67.0,325.0,4.41,219.0,88434.0,False,4,15,111
2005-04-21 16:00:00,21.39,29.9,12.0,0.0,12.0,330.4,3.45,216.0,88451.0,False,4,16,111
2005-04-21 17:00:00,19.66,34.25,0.0,-0.0,0.0,332.8,2.97,219.0,88504.0,False,4,17,111
2005-04-21 18:00:00,18.13,39.25,0.0,-0.0,0.0,330.2,2.55,220.0,88565.0,False,4,18,111
2005-04-21 19:00:00,16.92,41.35,0.0,-0.0,0.0,333.4,2.62,199.0,88626.0,False,4,19,111
2005-04-21 20:00:00,16.11,46.2,0.0,-0.0,0.0,345.6,2.69,184.0,88652.0,False,4,20,111
2005-04-21 21:00:00,15.11,54.75,0.0,-0.0,0.0,344.2,2.76,181.0,88661.0,False,4,21,111
2005-04-21 22:00:00,13.8,69.1,0.0,-0.0,0.0,339.2,2.41,184.0,88644.0,False,4,22,111
2005-04-21 23:00:00,12.93,76.9,0.0,-0.0,0.0,333.2,1.66,194.0,88644.0,False,4,23,111
2005-04-22 00:00:00,13.02,75.8,0.0,-0.0,0.0,332.2,0.69,172.0,88617.0,False,4,0,112
2005-04-22 01:00:00,12.26,79.55,0.0,-0.0,0.0,326.25,0.97,134.0,88556.0,False,4,1,112
2005-04-22 02:00:00,11.03,85.05,0.0,-0.0,0.0,307.2,1.93,134.0,88495.0,False,4,2,112
2005-04-22 03:00:00,11.41,81.0,0.0,0.0,0.0,313.0,2.9,142.0,88443.0,False,4,3,112
2005-04-22 04:00:00,11.89,76.5,81.0,143.69,52.0,308.8,3.72,155.0,88399.0,False,4,4,112
2005-04-22 05:00:00,12.95,72.25,73.0,0.0,73.0,300.2,3.66,161.0,88399.0,False,4,5,112
2005-04-22 06:00:00,14.76,64.15,307.0,95.56,252.0,304.0,4.97,163.0,88338.0,False,4,6,112
2005-04-22 07:00:00,17.3,54.55,503.0,231.0,336.0,327.6,7.24,169.0,88276.0,False,4,7,112
2005-04-22 08:00:00,19.22,48.6,820.0,743.4,203.0,332.8,8.07,175.0,88189.0,False,4,8,112
2005-04-22 09:00:00,20.49,45.5,712.0,322.73,425.0,342.2,8.07,180.0,88145.0,False,4,9,112
2005-04-22 10:00:00,21.53,43.1,659.0,214.07,467.0,356.4,8.28,187.0,88058.0,False,4,10,112
2005-04-22 11:00:00,21.73,39.55,659.0,252.27,444.0,357.4,8.28,195.0,88014.0,False,4,11,112
2005-04-22 12:00:00,21.76,36.2,246.0,0.0,246.0,355.4,8.21,197.0,87935.0,False,4,12,112
2005-04-22 13:00:00,21.56,34.4,461.0,201.05,336.0,340.6,8.28,199.0,87953.0,False,4,13,112
2005-04-22 14:00:00,20.61,38.35,385.0,334.37,234.0,338.0,7.24,196.0,87970.0,False,4,14,112
2005-04-22 15:00:00,19.86,40.95,191.0,173.38,146.0,318.2,6.55,194.0,88049.0,False,4,15,112
2005-04-22 16:00:00,18.65,44.6,38.0,0.0,38.0,308.2,5.03,190.0,88093.0,False,4,16,112
2005-04-22 17:00:00,16.82,49.95,0.0,-0.0,0.0,299.8,3.79,190.0,88163.0,False,4,17,112
2005-04-22 18:00:00,15.25,56.7,0.0,-0.0,0.0,297.0,2.83,190.0,88259.0,False,4,18,112
2005-04-22 19:00:00,14.57,59.8,0.0,-0.0,0.0,298.6,3.1,182.0,88346.0,False,4,19,112
2005-04-22 20:00:00,13.32,66.85,0.0,-0.0,0.0,292.4,2.97,173.0,88390.0,False,4,20,112
2005-04-22 21:00:00,12.21,74.3,0.0,-0.0,0.0,285.2,2.97,173.0,88390.0,False,4,21,112
2005-04-22 22:00:00,11.45,79.85,0.0,-0.0,0.0,289.8,2.83,178.0,88390.0,False,4,22,112
2005-04-22 23:00:00,10.86,84.45,0.0,-0.0,0.0,293.4,2.69,181.0,88390.0,False,4,23,112
2005-04-23 00:00:00,10.19,88.55,0.0,-0.0,0.0,290.2,2.55,183.0,88399.0,False,4,0,113
2005-04-23 01:00:00,9.59,91.55,0.0,-0.0,0.0,290.0,2.21,185.0,88425.0,False,4,1,113
2005-04-23 02:00:00,9.01,90.45,0.0,-0.0,0.0,288.4,1.93,196.0,88425.0,False,4,2,113
2005-04-23 03:00:00,8.62,91.8,0.0,0.0,0.0,297.0,1.86,198.0,88434.0,False,4,3,113
2005-04-23 04:00:00,9.18,91.15,10.0,0.0,10.0,302.8,1.59,193.0,88443.0,False,4,4,113
2005-04-23 05:00:00,11.27,84.5,49.0,0.0,49.0,315.8,1.86,188.0,88478.0,False,4,5,113
2005-04-23 06:00:00,13.46,71.05,464.0,471.46,191.0,317.8,2.76,186.0,88460.0,False,4,6,113
2005-04-23 07:00:00,15.87,54.1,318.0,24.79,300.0,320.0,4.07,193.0,88443.0,False,4,7,113
2005-04-23 08:00:00,17.19,41.65,218.0,0.0,218.0,325.6,5.66,205.0,88416.0,False,4,8,113
2005-04-23 09:00:00,18.44,36.1,267.0,0.0,267.0,330.6,6.34,210.0,88399.0,False,4,9,113
2005-04-23 10:00:00,18.88,34.1,769.0,388.05,420.0,327.8,6.76,216.0,88373.0,False,4,10,113
2005-04-23 11:00:00,19.44,32.15,296.0,1.17,295.0,325.8,7.03,219.0,88364.0,False,4,11,113
2005-04-23 12:00:00,19.44,32.05,166.0,0.0,166.0,329.4,6.97,225.0,88285.0,False,4,12,113
2005-04-23 13:00:00,18.62,34.5,61.0,0.0,61.0,325.2,5.52,234.0,88311.0,False,4,13,113
2005-04-23 14:00:00,16.9,41.55,113.0,0.0,113.0,323.6,4.55,253.0,88381.0,False,4,14,113
2005-04-23 15:00:00,14.93,51.8,65.0,0.0,65.0,329.0,3.38,286.0,88460.0,False,4,15,113
2005-04-23 16:00:00,13.8,59.2,7.0,0.0,7.0,324.4,2.9,313.0,88521.0,False,4,16,113
2005-04-23 17:00:00,11.87,71.2,0.0,-0.0,0.0,297.4,2.97,326.0,88609.0,False,4,17,113
2005-04-23 18:00:00,10.54,79.9,0.0,-0.0,0.0,305.8,2.97,323.0,88696.0,False,4,18,113
2005-04-23 19:00:00,9.84,85.9,0.0,-0.0,0.0,298.4,2.28,352.0,88784.0,False,4,19,113
2005-04-23 20:00:00,9.47,86.85,0.0,-0.0,0.0,301.8,2.28,341.0,88819.0,False,4,20,113
2005-04-23 21:00:00,9.14,87.25,0.0,-0.0,0.0,309.0,2.69,330.0,88897.0,False,4,21,113
2005-04-23 22:00:00,8.85,87.25,0.0,-0.0,0.0,312.8,3.03,325.0,88932.0,False,4,22,113
2005-04-23 23:00:00,8.43,87.3,0.0,-0.0,0.0,305.2,3.1,327.0,88976.0,False,4,23,113
2005-04-24 00:00:00,8.33,85.2,0.0,-0.0,0.0,318.8,2.9,333.0,88985.0,False,4,0,114
2005-04-24 01:00:00,8.01,85.65,0.0,-0.0,0.0,309.6,2.62,338.0,88985.0,False,4,1,114
2005-04-24 02:00:00,7.68,86.3,0.0,-0.0,0.0,308.8,2.55,339.0,89002.0,False,4,2,114
2005-04-24 03:00:00,7.41,86.75,0.0,0.0,0.0,309.4,2.62,338.0,89063.0,False,4,3,114
2005-04-24 04:00:00,7.18,86.65,63.0,42.87,54.0,289.6,2.9,335.0,89125.0,False,4,4,114
2005-04-24 05:00:00,7.95,79.35,52.0,0.0,52.0,274.0,3.66,335.0,89160.0,False,4,5,114
2005-04-24 06:00:00,9.44,69.2,500.0,595.73,153.0,275.8,3.86,343.0,89133.0,False,4,6,114
2005-04-24 07:00:00,11.43,56.2,703.0,754.18,153.0,275.8,3.52,0.0,89107.0,False,4,7,114
2005-04-24 08:00:00,12.95,45.85,846.0,805.31,173.0,291.4,3.45,11.0,89081.0,False,4,8,114
2005-04-24 09:00:00,14.33,38.35,948.0,879.78,161.0,293.6,3.17,15.0,89020.0,False,4,9,114
2005-04-24 10:00:00,15.0,35.35,932.0,765.16,242.0,317.8,3.03,11.0,88993.0,False,4,10,114
2005-04-24 11:00:00,16.15,31.3,858.0,658.18,294.0,316.6,3.03,7.0,88985.0,False,4,11,114
2005-04-24 12:00:00,16.72,28.2,701.0,470.52,342.0,314.0,3.17,7.0,88915.0,False,4,12,114
2005-04-24 13:00:00,17.05,26.2,479.0,228.28,336.0,312.0,3.31,8.0,88880.0,False,4,13,114
2005-04-24 14:00:00,17.04,24.6,442.0,532.27,199.0,300.6,3.45,8.0,88880.0,False,4,14,114
2005-04-24 15:00:00,16.51,24.0,230.0,332.22,142.0,293.8,3.59,6.0,88880.0,False,4,15,114
2005-04-24 16:00:00,15.58,25.35,45.0,0.0,45.0,288.6,2.9,2.0,88897.0,False,4,16,114
2005-04-24 17:00:00,13.69,30.8,0.0,-0.0,0.0,266.6,2.48,347.0,88950.0,False,4,17,114
2005-04-24 18:00:00,11.71,38.15,0.0,-0.0,0.0,261.6,2.48,336.0,89011.0,False,4,18,114
2005-04-24 19:00:00,9.95,44.7,0.0,-0.0,0.0,256.0,2.62,333.0,89072.0,False,4,19,114
2005-04-24 20:00:00,8.78,48.6,0.0,-0.0,0.0,254.6,2.76,330.0,89081.0,False,4,20,114
2005-04-24 21:00:00,7.94,51.6,0.0,-0.0,0.0,253.2,2.9,329.0,89133.0,False,4,21,114
2005-04-24 22:00:00,7.12,55.5,0.0,-0.0,0.0,252.8,2.69,333.0,89151.0,False,4,22,114
2005-04-24 23:00:00,6.25,60.4,0.0,-0.0,0.0,253.0,2.41,338.0,89133.0,False,4,23,114
2005-04-25 00:00:00,5.51,64.8,0.0,-0.0,0.0,251.4,2.21,337.0,89116.0,True,4,0,115
2005-04-25 01:00:00,4.99,68.0,0.0,-0.0,0.0,250.4,2.0,334.0,89151.0,True,4,1,115
2005-04-25 02:00:00,4.47,71.6,0.0,-0.0,0.0,249.0,1.86,333.0,89142.0,True,4,2,115
2005-04-25 03:00:00,3.97,76.5,0.0,0.0,0.0,247.6,1.93,331.0,89195.0,True,4,3,115
2005-04-25 04:00:00,4.7,77.45,67.0,51.42,56.0,247.2,1.66,330.0,89256.0,True,4,4,115
2005-04-25 05:00:00,8.42,69.7,305.0,488.98,105.0,250.0,1.79,351.0,89308.0,True,4,5,115
2005-04-25 06:00:00,10.73,55.05,521.0,670.84,128.0,254.4,2.55,13.0,89256.0,True,4,6,115
2005-04-25 07:00:00,12.82,46.45,718.0,800.21,132.0,262.4,2.83,17.0,89221.0,True,4,7,115
2005-04-25 08:00:00,14.28,39.65,867.0,869.44,138.0,267.2,3.1,20.0,89177.0,True,4,8,115
2005-04-25 09:00:00,15.59,34.2,961.0,914.08,141.0,271.0,3.17,21.0,89098.0,True,4,9,115
2005-04-25 10:00:00,16.7,30.35,992.0,940.13,142.0,273.8,3.17,23.0,89063.0,True,4,10,115
2005-04-25 11:00:00,17.6,27.25,960.0,964.89,131.0,275.8,3.17,25.0,88967.0,True,4,11,115
2005-04-25 12:00:00,18.17,25.6,869.0,990.56,111.0,276.6,3.31,19.0,88906.0,True,4,12,115
2005-04-25 13:00:00,18.46,24.7,702.0,908.18,131.0,277.6,3.45,17.0,88862.0,True,4,13,115
2005-04-25 14:00:00,18.29,24.7,495.0,775.64,139.0,277.0,3.45,24.0,88836.0,True,4,14,115
2005-04-25 15:00:00,17.7,25.7,249.0,426.13,135.0,275.2,3.24,32.0,88854.0,True,4,15,115
2005-04-25 16:00:00,16.52,28.7,45.0,0.0,45.0,272.8,2.55,44.0,88854.0,True,4,16,115
2005-04-25 17:00:00,14.69,33.9,0.0,-0.0,0.0,268.8,2.07,56.0,88880.0,True,4,17,115
2005-04-25 18:00:00,12.59,49.55,0.0,-0.0,0.0,266.6,1.31,53.0,88924.0,True,4,18,115
2005-04-25 19:00:00,12.96,36.25,0.0,-0.0,0.0,262.8,0.69,90.0,88976.0,True,4,19,115
2005-04-25 20:00:00,12.32,38.05,0.0,-0.0,0.0,260.8,1.1,268.0,88976.0,True,4,20,115
2005-04-25 21:00:00,9.51,50.95,0.0,-0.0,0.0,260.0,1.66,262.0,88976.0,True,4,21,115
2005-04-25 22:00:00,8.41,54.8,0.0,-0.0,0.0,258.6,1.79,254.0,89002.0,True,4,22,115
2005-04-25 23:00:00,7.57,57.75,0.0,-0.0,0.0,257.2,1.86,252.0,88897.0,True,4,23,115
2005-04-26 00:00:00,7.02,59.45,0.0,-0.0,0.0,255.6,1.86,254.0,88906.0,True,4,0,116
2005-04-26 01:00:00,6.77,59.6,0.0,-0.0,0.0,254.2,1.79,255.0,88897.0,True,4,1,116
2005-04-26 02:00:00,6.71,58.85,0.0,-0.0,0.0,253.4,1.66,252.0,88897.0,True,4,2,116
2005-04-26 03:00:00,6.72,58.35,0.0,0.0,0.0,252.8,1.66,255.0,88915.0,True,4,3,116
2005-04-26 04:00:00,7.92,53.9,71.0,55.1,59.0,253.2,1.31,245.0,88932.0,True,4,4,116
2005-04-26 05:00:00,11.16,49.85,313.0,511.39,102.0,260.2,0.69,205.0,88889.0,True,4,5,116
2005-04-26 06:00:00,14.54,33.25,528.0,685.78,124.0,269.6,1.17,161.0,88897.0,True,4,6,116
2005-04-26 07:00:00,15.63,32.0,668.0,616.09,215.0,277.2,1.24,149.0,88854.0,True,4,7,116
2005-04-26 08:00:00,17.2,28.45,870.0,870.22,138.0,280.0,1.24,134.0,88792.0,True,4,8,116
2005-04-26 09:00:00,18.58,25.0,984.0,983.83,99.0,286.8,1.03,125.0,88722.0,True,4,9,116
2005-04-26 10:00:00,19.71,22.95,1004.0,975.25,120.0,292.0,0.48,107.0,88679.0,True,4,10,116
2005-04-26 11:00:00,20.68,22.05,953.0,931.07,151.0,296.6,0.34,344.0,88626.0,True,4,11,116
2005-04-26 12:00:00,21.56,22.05,508.0,126.4,411.0,301.0,1.1,327.0,88521.0,True,4,12,116
2005-04-26 13:00:00,21.98,22.8,319.0,30.11,300.0,309.6,1.66,337.0,88460.0,True,4,13,116
2005-04-26 14:00:00,21.92,24.75,207.0,13.0,201.0,336.8,2.69,328.0,88425.0,True,4,14,116
2005-04-26 15:00:00,21.36,27.45,129.0,22.21,123.0,346.8,3.45,324.0,88425.0,True,4,15,116
2005-04-26 16:00:00,20.28,31.8,32.0,0.0,32.0,345.6,3.03,334.0,88408.0,True,4,16,116
2005-04-26 17:00:00,18.73,37.15,0.0,-0.0,0.0,331.8,2.14,337.0,88469.0,True,4,17,116
2005-04-26 18:00:00,17.18,50.0,0.0,-0.0,0.0,330.8,1.24,338.0,88478.0,True,4,18,116
2005-04-26 19:00:00,17.08,34.95,0.0,-0.0,0.0,322.8,0.41,83.0,88504.0,True,4,19,116
2005-04-26 20:00:00,16.27,36.25,0.0,-0.0,0.0,306.6,0.41,180.0,88486.0,True,4,20,116
2005-04-26 21:00:00,15.27,39.9,0.0,-0.0,0.0,302.0,0.9,217.0,88469.0,True,4,21,116
2005-04-26 22:00:00,13.68,47.9,0.0,-0.0,0.0,309.8,1.45,235.0,88478.0,True,4,22,116
2005-04-26 23:00:00,11.84,57.15,0.0,-0.0,0.0,298.4,1.93,242.0,88443.0,True,4,23,116
2005-04-27 00:00:00,11.04,64.35,0.0,-0.0,0.0,312.0,2.0,247.0,88469.0,True,4,0,117
2005-04-27 01:00:00,10.13,71.9,0.0,-0.0,0.0,300.2,2.14,250.0,88434.0,True,4,1,117
2005-04-27 02:00:00,9.46,78.7,0.0,-0.0,0.0,299.0,2.14,251.0,88443.0,True,4,2,117
2005-04-27 03:00:00,8.95,84.45,0.0,0.0,0.0,297.0,2.07,251.0,88460.0,True,4,3,117
2005-04-27 04:00:00,9.74,84.2,81.0,85.74,62.0,300.2,1.59,250.0,88469.0,True,4,4,117
2005-04-27 05:00:00,14.18,69.35,239.0,187.45,161.0,298.8,1.1,242.0,88486.0,True,4,5,117
2005-04-27 06:00:00,18.06,45.0,266.0,40.52,242.0,300.4,1.1,238.0,88469.0,True,4,6,117
2005-04-27 07:00:00,18.92,41.4,648.0,545.94,245.0,308.6,1.52,301.0,88425.0,True,4,7,117
2005-04-27 08:00:00,20.29,36.75,804.0,656.56,250.0,317.4,1.45,286.0,88355.0,True,4,8,117
2005-04-27 09:00:00,21.02,32.9,443.0,33.26,413.0,325.0,2.14,288.0,88381.0,True,4,9,117
2005-04-27 10:00:00,19.29,43.8,390.0,12.11,379.0,329.2,2.9,303.0,88381.0,True,4,10,117
2005-04-27 11:00:00,19.24,43.1,289.0,0.0,289.0,323.8,1.59,310.0,88311.0,True,4,11,117
2005-04-27 12:00:00,21.07,33.85,847.0,887.48,164.0,323.8,1.24,275.0,88224.0,True,4,12,117
2005-04-27 13:00:00,21.36,27.15,414.0,116.86,340.0,339.6,3.45,258.0,88224.0,True,4,13,117
2005-04-27 14:00:00,20.56,26.9,48.0,0.0,48.0,336.2,4.9,264.0,88215.0,True,4,14,117
2005-04-27 15:00:00,19.53,26.6,34.0,0.0,34.0,322.8,4.83,298.0,88285.0,True,4,15,117
2005-04-27 16:00:00,16.73,42.0,8.0,0.0,8.0,337.8,4.76,334.0,88355.0,True,4,16,117
2005-04-27 17:00:00,14.64,54.25,0.0,-0.0,0.0,307.6,3.52,344.0,88416.0,True,4,17,117
2005-04-27 18:00:00,13.66,59.7,0.0,-0.0,0.0,308.8,3.1,345.0,88556.0,True,4,18,117
2005-04-27 19:00:00,12.34,65.1,0.0,-0.0,0.0,295.6,3.17,315.0,88617.0,True,4,19,117
2005-04-27 20:00:00,11.63,69.7,0.0,-0.0,0.0,297.8,3.03,322.0,88609.0,True,4,20,117
2005-04-27 21:00:00,10.87,75.2,0.0,-0.0,0.0,288.6,2.9,326.0,88644.0,True,4,21,117
2005-04-27 22:00:00,10.33,79.6,0.0,-0.0,0.0,290.8,2.9,325.0,88679.0,True,4,22,117
2005-04-27 23:00:00,9.58,83.2,0.0,-0.0,0.0,276.8,3.1,323.0,88687.0,True,4,23,117
2005-04-28 00:00:00,9.07,84.3,0.0,-0.0,0.0,276.0,3.24,323.0,88705.0,True,4,0,118
2005-04-28 01:00:00,8.53,84.7,0.0,-0.0,0.0,274.6,3.1,325.0,88722.0,True,4,1,118
2005-04-28 02:00:00,7.81,86.05,0.0,-0.0,0.0,265.2,2.9,328.0,88714.0,True,4,2,118
2005-04-28 03:00:00,7.16,87.45,0.0,0.0,0.0,263.0,2.69,331.0,88749.0,True,4,3,118
2005-04-28 04:00:00,7.46,85.2,58.0,17.75,54.0,260.2,2.34,333.0,88810.0,True,4,4,118
2005-04-28 05:00:00,9.34,70.75,307.0,445.73,120.0,257.6,3.45,335.0,88810.0,True,4,5,118
2005-04-28 06:00:00,11.01,59.35,487.0,498.8,190.0,263.8,4.0,338.0,88801.0,True,4,6,118
2005-04-28 07:00:00,12.99,47.15,636.0,503.37,263.0,281.6,4.0,336.0,88757.0,True,4,7,118
2005-04-28 08:00:00,14.49,39.35,614.0,239.85,411.0,291.6,3.93,337.0,88714.0,True,4,8,118
2005-04-28 09:00:00,15.38,36.1,700.0,281.99,445.0,319.4,3.93,336.0,88687.0,True,4,9,118
2005-04-28 10:00:00,15.96,34.1,810.0,450.11,400.0,331.2,4.14,335.0,88740.0,True,4,10,118
2005-04-28 11:00:00,16.65,32.4,770.0,433.19,395.0,344.6,4.48,334.0,88670.0,True,4,11,118
2005-04-28 12:00:00,16.76,31.8,872.0,974.44,120.0,340.8,4.69,333.0,88609.0,True,4,12,118
2005-04-28 13:00:00,16.56,32.3,713.0,925.31,125.0,332.4,4.69,331.0,88591.0,True,4,13,118
2005-04-28 14:00:00,16.32,32.75,467.0,604.94,185.0,328.4,4.76,335.0,88565.0,True,4,14,118
2005-04-28 15:00:00,16.0,33.0,212.0,210.63,154.0,304.6,4.55,338.0,88539.0,True,4,15,118
2005-04-28 16:00:00,15.2,34.1,89.0,525.83,49.0,313.6,4.0,340.0,88556.0,True,4,16,118
2005-04-28 17:00:00,13.88,37.95,0.0,-0.0,0.0,294.4,3.03,340.0,88574.0,True,4,17,118
2005-04-28 18:00:00,12.6,42.8,0.0,-0.0,0.0,279.6,2.76,339.0,88617.0,True,4,18,118
2005-04-28 19:00:00,11.23,47.85,0.0,-0.0,0.0,270.0,2.62,346.0,88661.0,True,4,19,118
2005-04-28 20:00:00,9.74,56.25,0.0,-0.0,0.0,263.2,2.21,340.0,88679.0,True,4,20,118
2005-04-28 21:00:00,8.53,62.0,0.0,-0.0,0.0,261.0,1.86,330.0,88687.0,True,4,21,118
2005-04-28 22:00:00,7.82,63.6,0.0,-0.0,0.0,259.6,1.79,314.0,88749.0,True,4,22,118
2005-04-28 23:00:00,7.15,65.85,0.0,-0.0,0.0,257.8,1.79,306.0,88696.0,True,4,23,118
2005-04-29 00:00:00,6.85,66.2,0.0,-0.0,0.0,256.8,1.66,299.0,88652.0,True,4,0,119
2005-04-29 01:00:00,6.74,66.1,0.0,-0.0,0.0,255.6,1.52,291.0,88626.0,True,4,1,119
2005-04-29 02:00:00,6.19,68.55,0.0,-0.0,0.0,254.6,1.59,288.0,88609.0,True,4,2,119
2005-04-29 03:00:00,5.97,69.5,0.0,0.0,0.0,253.8,1.45,280.0,88635.0,True,4,3,119
2005-04-29 04:00:00,7.27,64.3,77.0,56.77,64.0,254.6,1.03,269.0,88609.0,True,4,4,119
2005-04-29 05:00:00,10.09,62.4,334.0,581.71,88.0,260.0,0.41,215.0,88600.0,True,4,5,119
2005-04-29 06:00:00,12.4,47.3,499.0,531.35,181.0,284.0,0.97,146.0,88556.0,True,4,6,119
2005-04-29 07:00:00,13.74,43.5,608.0,422.18,294.0,277.8,1.59,169.0,88486.0,True,4,7,119
2005-04-29 08:00:00,15.24,38.0,740.0,479.47,333.0,285.8,1.86,174.0,88416.0,True,4,8,119
2005-04-29 09:00:00,16.63,32.7,880.0,649.69,291.0,305.0,2.21,179.0,88303.0,True,4,9,119
2005-04-29 10:00:00,17.55,29.2,901.0,654.96,303.0,319.6,2.69,179.0,88241.0,True,4,10,119
2005-04-29 11:00:00,18.57,26.3,923.0,814.75,216.0,322.4,3.1,185.0,88102.0,True,4,11,119
2005-04-29 12:00:00,19.51,23.6,828.0,806.39,204.0,321.0,3.31,206.0,88040.0,True,4,12,119
2005-04-29 13:00:00,20.37,21.25,414.0,112.91,342.0,303.0,3.93,224.0,87883.0,True,4,13,119
2005-04-29 14:00:00,19.93,22.2,60.0,0.0,60.0,310.2,4.55,240.0,87848.0,True,4,14,119
2005-04-29 15:00:00,19.1,24.9,231.0,284.23,152.0,301.4,4.76,247.0,87839.0,True,4,15,119
2005-04-29 16:00:00,17.63,30.1,102.0,760.22,42.0,308.2,3.79,252.0,87857.0,True,4,16,119
2005-04-29 17:00:00,15.67,38.65,0.0,-0.0,0.0,303.8,3.31,255.0,87909.0,True,4,17,119
2005-04-29 18:00:00,14.01,50.65,0.0,-0.0,0.0,319.2,3.03,263.0,87979.0,True,4,18,119
2005-04-29 19:00:00,12.86,57.9,0.0,-0.0,0.0,326.4,3.1,305.0,88093.0,True,4,19,119
2005-04-29 20:00:00,10.9,74.8,0.0,-0.0,0.0,321.6,2.69,335.0,88137.0,True,4,20,119
2005-04-29 21:00:00,9.61,85.8,0.0,-0.0,0.0,320.6,2.9,357.0,88180.0,True,4,21,119
2005-04-29 22:00:00,8.57,91.0,0.0,-0.0,0.0,317.8,3.03,3.0,88233.0,True,4,22,119
2005-04-29 23:00:00,7.84,92.85,0.0,-0.0,0.0,322.8,3.17,5.0,88259.0,True,4,23,119
2005-04-30 00:00:00,6.94,92.15,0.0,-0.0,0.0,321.8,3.38,360.0,88338.0,True,4,0,120
2005-04-30 01:00:00,5.9,92.6,0.0,-0.0,0.0,326.25,3.24,352.0,88303.0,True,4,1,120
2005-04-30 02:00:00,5.29,94.0,0.0,-0.0,0.0,323.0,2.76,348.0,88338.0,True,4,2,120
2005-04-30 03:00:00,4.89,95.25,0.0,0.0,0.0,334.0,1.86,354.0,88364.0,True,4,3,120
2005-04-30 04:00:00,4.25,98.95,16.0,0.0,16.0,328.0,1.31,7.0,88408.0,True,4,4,120
2005-04-30 05:00:00,4.65,97.6,29.0,0.0,29.0,315.2,1.03,20.0,88451.0,True,4,5,120
2005-04-30 06:00:00,5.28,89.4,255.0,28.27,238.0,304.8,0.83,19.0,88460.0,True,4,6,120
2005-04-30 07:00:00,5.47,80.65,328.0,25.45,309.0,306.0,0.34,18.0,88408.0,True,4,7,120
2005-04-30 08:00:00,7.3,65.9,641.0,277.23,405.0,309.4,0.28,1.0,88320.0,True,4,8,120
2005-04-30 09:00:00,9.62,50.95,805.0,470.94,377.0,299.2,0.28,295.0,88241.0,True,4,9,120
2005-04-30 10:00:00,11.63,39.45,866.0,564.95,349.0,291.0,0.69,227.0,88189.0,True,4,10,120
2005-04-30 11:00:00,13.04,34.35,774.0,433.44,397.0,299.0,1.38,210.0,88119.0,True,4,11,120
2005-04-30 12:00:00,13.76,31.95,771.0,626.38,285.0,289.0,2.0,203.0,88058.0,True,4,12,120
2005-04-30 13:00:00,14.15,31.55,721.0,944.02,117.0,289.8,2.41,202.0,87970.0,True,4,13,120
2005-04-30 14:00:00,14.11,31.6,148.0,0.0,148.0,282.8,2.48,213.0,87970.0,True,4,14,120
2005-04-30 15:00:00,13.99,31.7,312.0,809.23,85.0,287.6,2.28,216.0,87953.0,True,4,15,120
2005-04-30 16:00:00,8.91,56.75,75.0,232.37,56.0,278.75,2.25,215.0,87997.0,True,4,16,120
2005-04-30 17:00:00,8.84,57.87,0.0,-0.0,0.0,277.44,2.19,9.0,88067.0,True,4,17,120
2005-04-30 18:00:00,8.78,59.0,0.0,-0.0,0.0,276.13,2.13,350.0,88180.0,True,4,18,120
2005-04-30 19:00:00,8.72,60.13,0.0,-0.0,0.0,274.81,2.06,344.0,88303.0,True,4,19,120
2005-04-30 20:00:00,8.65,61.25,0.0,-0.0,0.0,273.5,2.0,348.0,88329.0,True,4,20,120
2005-04-30 21:00:00,8.59,62.38,0.0,-0.0,0.0,272.19,1.93,346.0,88381.0,True,4,21,120
2005-04-30 22:00:00,8.52,63.5,0.0,-0.0,0.0,270.88,1.87,339.0,88381.0,True,4,22,120
2005-04-30 23:00:00,8.46,64.63,0.0,-0.0,0.0,269.57,1.8,343.0,88381.0,True,4,23,120
